entityName,entityId,displayName,propertyName
BoilKettle100,49a921ae-4e71-4ace-91a8-ef9b2c30fa68,Downtime,Property_00212607-5379-4015-830b-3ab22be3d39f
BoilKettle100,49a921ae-4e71-4ace-91a8-ef9b2c30fa68,UtilizationState,Property_021e46f7-232b-40d2-95d6-7662e31c8692
BoilKettle100,49a921ae-4e71-4ace-91a8-ef9b2c30fa68,Prod_BrewedWort_Item,Property_07b0f516-444f-4a54-ac80-eb5c12dd06fa
BoilKettle100,49a921ae-4e71-4ace-91a8-ef9b2c30fa68,Runtime,Property_0859dfd0-05bf-4daf-8a81-a2b31fa08940
BoilKettle100,49a921ae-4e71-4ace-91a8-ef9b2c30fa68,UtilizationPer5min,Property_0c285470-6ff8-4ef0-af7c-89330cea95f5
BoilKettle100,49a921ae-4e71-4ace-91a8-ef9b2c30fa68,Temperature_PV,Property_0ecf4d67-f788-40ce-a653-ecbfc0d71c31
BoilKettle100,49a921ae-4e71-4ace-91a8-ef9b2c30fa68,Demand,Property_1577209e-9174-4730-ba45-6f03acfa7a7a
BoilKettle100,49a921ae-4e71-4ace-91a8-ef9b2c30fa68,BrewedWort_PV threshold 7MgbYb94yibaFRvkktpFqr,Property_15947fb7-da4c-49ab-a238-63d517ff834a
BoilKettle100,49a921ae-4e71-4ace-91a8-ef9b2c30fa68,Cons_Hops_Item,Property_1bcc596d-be9d-45a8-9d43-e3fff5d329e9
BoilKettle100,49a921ae-4e71-4ace-91a8-ef9b2c30fa68,OutletValve_PV,Property_1da2138c-29a6-4a51-a49f-fcaf5e6a3498
BoilKettle100,49a921ae-4e71-4ace-91a8-ef9b2c30fa68,Wort_PV,Property_1fa397ef-5f48-49ac-83b3-ca5083a3b7dd
BoilKettle100,49a921ae-4e71-4ace-91a8-ef9b2c30fa68,Maintenance,Property_26183421-e0c6-4f8c-8887-4c719b207ea7
BoilKettle100,49a921ae-4e71-4ace-91a8-ef9b2c30fa68,OutletPump_AuxContact,Property_267c3f3a-f603-4351-a00e-84fe295dceb5
BoilKettle100,49a921ae-4e71-4ace-91a8-ef9b2c30fa68,StreamValve_CLS,Property_2a9ffc07-e942-47dc-a60f-d07416c59313
BoilKettle100,49a921ae-4e71-4ace-91a8-ef9b2c30fa68,HopsAuger_AuxContact,Property_37a76d70-d2eb-438e-8e40-da98da3788cd
BoilKettle100,49a921ae-4e71-4ace-91a8-ef9b2c30fa68,InletValve_PV,Property_465a06d9-9788-43df-81d5-27364c9e8cd2
BoilKettle100,49a921ae-4e71-4ace-91a8-ef9b2c30fa68,InletValve_OLS,Property_53a8d379-06ff-4797-9d53-c9da70631efb
BoilKettle100,49a921ae-4e71-4ace-91a8-ef9b2c30fa68,Prod_BrewedWort_ToLot,Property_5573ef03-d1e8-4e71-ace0-5a4ad48e4381
BoilKettle100,49a921ae-4e71-4ace-91a8-ef9b2c30fa68,Level_PV,Property_613ccddc-49fd-41cd-bca6-4972a67ed6bd
BoilKettle100,49a921ae-4e71-4ace-91a8-ef9b2c30fa68,InletValve_CLS,Property_6a21868d-3d52-40e5-b51b-a25689fb58e4
BoilKettle100,49a921ae-4e71-4ace-91a8-ef9b2c30fa68,OutletValve_OLS,Property_7191994d-c7fb-48b1-97b8-f48a644f29c4
BoilKettle100,49a921ae-4e71-4ace-91a8-ef9b2c30fa68,MaterialID,Property_75703a2f-ab29-41f2-982a-3a1eb5e52f21
BoilKettle100,49a921ae-4e71-4ace-91a8-ef9b2c30fa68,OEEPer5min,Property_7ec49e45-e30d-4d30-aad4-3256acc1bdb8
BoilKettle100,49a921ae-4e71-4ace-91a8-ef9b2c30fa68,Cons_Wort_FromLot,Property_85adc8cd-5bf0-48e8-843b-542ecd73699c
BoilKettle100,49a921ae-4e71-4ace-91a8-ef9b2c30fa68,Scrap,Property_8881cd4c-d91f-4f7b-b022-e4dd123a7ab9
BoilKettle100,49a921ae-4e71-4ace-91a8-ef9b2c30fa68,ProductionID,Property_88e83e80-50b3-4920-93d2-60687d882dbc
BoilKettle100,49a921ae-4e71-4ace-91a8-ef9b2c30fa68,State,Property_8d5bdd72-73de-40a2-8c8c-d5b6bbf5eb4a
BoilKettle100,49a921ae-4e71-4ace-91a8-ef9b2c30fa68,Hops_SP,Property_914abd2b-6416-442f-b5f8-6dad54779bc6
BoilKettle100,49a921ae-4e71-4ace-91a8-ef9b2c30fa68,Status,Property_99e09b25-9814-4a97-b00b-3e065415ada2
BoilKettle100,49a921ae-4e71-4ace-91a8-ef9b2c30fa68,OutletValve_CLS,Property_9ec2a18c-d386-47a8-b383-5e39d215834c
BoilKettle100,49a921ae-4e71-4ace-91a8-ef9b2c30fa68,Hops_PV,Property_b2516a94-4256-4f3e-ac2e-b7d8338b5511
BoilKettle100,49a921ae-4e71-4ace-91a8-ef9b2c30fa68,TargetOEE,Property_b35da6e7-cec0-4269-8ed0-d7ef48f1872b
BoilKettle100,49a921ae-4e71-4ace-91a8-ef9b2c30fa68,Name,Property_b942bada-6213-4b69-8d00-edad6b94e399
BoilKettle100,49a921ae-4e71-4ace-91a8-ef9b2c30fa68,QualityPer5min,Property_ba3c3315-4974-4e25-9b69-8f4aac344876
BoilKettle100,49a921ae-4e71-4ace-91a8-ef9b2c30fa68,PerformancePer5min,Property_c3b00f85-ab08-4202-a840-17703d335ffa
BoilKettle100,49a921ae-4e71-4ace-91a8-ef9b2c30fa68,HopsAuger_PV,Property_c647ae25-4f2a-4559-851e-f55e0165dacc
BoilKettle100,49a921ae-4e71-4ace-91a8-ef9b2c30fa68,SteamValve_PV,Property_caaea344-2c93-4fdd-8ce9-10f5bc116ebc
BoilKettle100,49a921ae-4e71-4ace-91a8-ef9b2c30fa68,HoldTime_ET,Property_d02c445b-fc94-46f8-b449-d80f67dfab1b
BoilKettle100,49a921ae-4e71-4ace-91a8-ef9b2c30fa68,HoldTime_PT,Property_d30d914e-69fc-4f5d-83ff-af0674c19d33
BoilKettle100,49a921ae-4e71-4ace-91a8-ef9b2c30fa68,OutletPump_PV,Property_d69f1708-0d2c-4ae6-bad0-97d7471eb76a
BoilKettle100,49a921ae-4e71-4ace-91a8-ef9b2c30fa68,Utilization,Property_d912e104-531e-4834-9295-57b13d68af37
BoilKettle100,49a921ae-4e71-4ace-91a8-ef9b2c30fa68,BrewedWort_PV,Property_e1103351-c11f-4983-823a-b23235b5f36c
BoilKettle100,49a921ae-4e71-4ace-91a8-ef9b2c30fa68,Cons_Hops_FromLot,Property_f02cb299-99da-438c-b0ca-4c13936b57ca
BoilKettle100,49a921ae-4e71-4ace-91a8-ef9b2c30fa68,Temperature_SP,Property_fa85235e-37ee-489d-a3f3-2254544a7c0d
BoilKettle100,49a921ae-4e71-4ace-91a8-ef9b2c30fa68,SteamValve_OLS,Property_fdf10b77-a6c5-46c5-8dc7-daac22a1eefb
BoilKettle100,49a921ae-4e71-4ace-91a8-ef9b2c30fa68,null,sitewiseAssetId
BoilKettle100,49a921ae-4e71-4ace-91a8-ef9b2c30fa68,null,sitewiseAssetModelId
BoilKettle200,db2579c9-be7e-4339-b23a-41c99831488c,Downtime,Property_00212607-5379-4015-830b-3ab22be3d39f
BoilKettle200,db2579c9-be7e-4339-b23a-41c99831488c,UtilizationState,Property_021e46f7-232b-40d2-95d6-7662e31c8692
BoilKettle200,db2579c9-be7e-4339-b23a-41c99831488c,Prod_BrewedWort_Item,Property_07b0f516-444f-4a54-ac80-eb5c12dd06fa
BoilKettle200,db2579c9-be7e-4339-b23a-41c99831488c,Runtime,Property_0859dfd0-05bf-4daf-8a81-a2b31fa08940
BoilKettle200,db2579c9-be7e-4339-b23a-41c99831488c,UtilizationPer5min,Property_0c285470-6ff8-4ef0-af7c-89330cea95f5
BoilKettle200,db2579c9-be7e-4339-b23a-41c99831488c,Temperature_PV,Property_0ecf4d67-f788-40ce-a653-ecbfc0d71c31
BoilKettle200,db2579c9-be7e-4339-b23a-41c99831488c,Demand,Property_1577209e-9174-4730-ba45-6f03acfa7a7a
BoilKettle200,db2579c9-be7e-4339-b23a-41c99831488c,BrewedWort_PV threshold 7MgbYb94yibaFRvkktpFqr,Property_15947fb7-da4c-49ab-a238-63d517ff834a
BoilKettle200,db2579c9-be7e-4339-b23a-41c99831488c,Cons_Hops_Item,Property_1bcc596d-be9d-45a8-9d43-e3fff5d329e9
BoilKettle200,db2579c9-be7e-4339-b23a-41c99831488c,OutletValve_PV,Property_1da2138c-29a6-4a51-a49f-fcaf5e6a3498
BoilKettle200,db2579c9-be7e-4339-b23a-41c99831488c,Wort_PV,Property_1fa397ef-5f48-49ac-83b3-ca5083a3b7dd
BoilKettle200,db2579c9-be7e-4339-b23a-41c99831488c,Maintenance,Property_26183421-e0c6-4f8c-8887-4c719b207ea7
BoilKettle200,db2579c9-be7e-4339-b23a-41c99831488c,OutletPump_AuxContact,Property_267c3f3a-f603-4351-a00e-84fe295dceb5
BoilKettle200,db2579c9-be7e-4339-b23a-41c99831488c,StreamValve_CLS,Property_2a9ffc07-e942-47dc-a60f-d07416c59313
BoilKettle200,db2579c9-be7e-4339-b23a-41c99831488c,HopsAuger_AuxContact,Property_37a76d70-d2eb-438e-8e40-da98da3788cd
BoilKettle200,db2579c9-be7e-4339-b23a-41c99831488c,InletValve_PV,Property_465a06d9-9788-43df-81d5-27364c9e8cd2
BoilKettle200,db2579c9-be7e-4339-b23a-41c99831488c,InletValve_OLS,Property_53a8d379-06ff-4797-9d53-c9da70631efb
BoilKettle200,db2579c9-be7e-4339-b23a-41c99831488c,Prod_BrewedWort_ToLot,Property_5573ef03-d1e8-4e71-ace0-5a4ad48e4381
BoilKettle200,db2579c9-be7e-4339-b23a-41c99831488c,Level_PV,Property_613ccddc-49fd-41cd-bca6-4972a67ed6bd
BoilKettle200,db2579c9-be7e-4339-b23a-41c99831488c,InletValve_CLS,Property_6a21868d-3d52-40e5-b51b-a25689fb58e4
BoilKettle200,db2579c9-be7e-4339-b23a-41c99831488c,OutletValve_OLS,Property_7191994d-c7fb-48b1-97b8-f48a644f29c4
BoilKettle200,db2579c9-be7e-4339-b23a-41c99831488c,MaterialID,Property_75703a2f-ab29-41f2-982a-3a1eb5e52f21
BoilKettle200,db2579c9-be7e-4339-b23a-41c99831488c,OEEPer5min,Property_7ec49e45-e30d-4d30-aad4-3256acc1bdb8
BoilKettle200,db2579c9-be7e-4339-b23a-41c99831488c,Cons_Wort_FromLot,Property_85adc8cd-5bf0-48e8-843b-542ecd73699c
BoilKettle200,db2579c9-be7e-4339-b23a-41c99831488c,Scrap,Property_8881cd4c-d91f-4f7b-b022-e4dd123a7ab9
BoilKettle200,db2579c9-be7e-4339-b23a-41c99831488c,ProductionID,Property_88e83e80-50b3-4920-93d2-60687d882dbc
BoilKettle200,db2579c9-be7e-4339-b23a-41c99831488c,State,Property_8d5bdd72-73de-40a2-8c8c-d5b6bbf5eb4a
BoilKettle200,db2579c9-be7e-4339-b23a-41c99831488c,Hops_SP,Property_914abd2b-6416-442f-b5f8-6dad54779bc6
BoilKettle200,db2579c9-be7e-4339-b23a-41c99831488c,Status,Property_99e09b25-9814-4a97-b00b-3e065415ada2
BoilKettle200,db2579c9-be7e-4339-b23a-41c99831488c,OutletValve_CLS,Property_9ec2a18c-d386-47a8-b383-5e39d215834c
BoilKettle200,db2579c9-be7e-4339-b23a-41c99831488c,Hops_PV,Property_b2516a94-4256-4f3e-ac2e-b7d8338b5511
BoilKettle200,db2579c9-be7e-4339-b23a-41c99831488c,TargetOEE,Property_b35da6e7-cec0-4269-8ed0-d7ef48f1872b
BoilKettle200,db2579c9-be7e-4339-b23a-41c99831488c,Name,Property_b942bada-6213-4b69-8d00-edad6b94e399
BoilKettle200,db2579c9-be7e-4339-b23a-41c99831488c,QualityPer5min,Property_ba3c3315-4974-4e25-9b69-8f4aac344876
BoilKettle200,db2579c9-be7e-4339-b23a-41c99831488c,PerformancePer5min,Property_c3b00f85-ab08-4202-a840-17703d335ffa
BoilKettle200,db2579c9-be7e-4339-b23a-41c99831488c,HopsAuger_PV,Property_c647ae25-4f2a-4559-851e-f55e0165dacc
BoilKettle200,db2579c9-be7e-4339-b23a-41c99831488c,SteamValve_PV,Property_caaea344-2c93-4fdd-8ce9-10f5bc116ebc
BoilKettle200,db2579c9-be7e-4339-b23a-41c99831488c,HoldTime_ET,Property_d02c445b-fc94-46f8-b449-d80f67dfab1b
BoilKettle200,db2579c9-be7e-4339-b23a-41c99831488c,HoldTime_PT,Property_d30d914e-69fc-4f5d-83ff-af0674c19d33
BoilKettle200,db2579c9-be7e-4339-b23a-41c99831488c,OutletPump_PV,Property_d69f1708-0d2c-4ae6-bad0-97d7471eb76a
BoilKettle200,db2579c9-be7e-4339-b23a-41c99831488c,Utilization,Property_d912e104-531e-4834-9295-57b13d68af37
BoilKettle200,db2579c9-be7e-4339-b23a-41c99831488c,BrewedWort_PV,Property_e1103351-c11f-4983-823a-b23235b5f36c
BoilKettle200,db2579c9-be7e-4339-b23a-41c99831488c,Cons_Hops_FromLot,Property_f02cb299-99da-438c-b0ca-4c13936b57ca
BoilKettle200,db2579c9-be7e-4339-b23a-41c99831488c,Temperature_SP,Property_fa85235e-37ee-489d-a3f3-2254544a7c0d
BoilKettle200,db2579c9-be7e-4339-b23a-41c99831488c,SteamValve_OLS,Property_fdf10b77-a6c5-46c5-8dc7-daac22a1eefb
BoilKettle200,db2579c9-be7e-4339-b23a-41c99831488c,null,sitewiseAssetId
BoilKettle200,db2579c9-be7e-4339-b23a-41c99831488c,null,sitewiseAssetModelId
BoilKettleCamera,64d46f9d-6ef6-44f3-92fb-22995e99e717,LiveStreamingStartTime,Property_02dc82c4-13d1-4a91-a436-bcbe4b53444a
BoilKettleCamera,64d46f9d-6ef6-44f3-92fb-22995e99e717,VideoRecordedTimeRange,Property_0928f237-ffcb-49be-91f9-0ea0974380d4
BoilKettleCamera,64d46f9d-6ef6-44f3-92fb-22995e99e717,LocalDataRetentionPeriodInMinutes,Property_14901e71-0fa8-43fd-9abb-ceb865d826c9
BoilKettleCamera,64d46f9d-6ef6-44f3-92fb-22995e99e717,VideoUploadRequest,Property_39a50e42-59bd-461c-abf5-fc0c44d786f2
BoilKettleCamera,64d46f9d-6ef6-44f3-92fb-22995e99e717,KinesisVideoStreamName,Property_39e2f463-368a-40c2-acfb-3bb9bda17fc8
BoilKettleCamera,64d46f9d-6ef6-44f3-92fb-22995e99e717,RTSPStreamSecretARN,Property_3c232098-cd8c-4791-b886-aa1f6cc19189
BoilKettleCamera,64d46f9d-6ef6-44f3-92fb-22995e99e717,CaptureStartTime,Property_3e00fe7d-a6da-4087-8159-0aaee0bfb119
BoilKettleCamera,64d46f9d-6ef6-44f3-92fb-22995e99e717,VideoUploadedTimeRange,Property_65f9d0dd-f3b7-4bc6-83e2-2ac3dd434a78
BoilKettleCamera,64d46f9d-6ef6-44f3-92fb-22995e99e717,CachedVideoAgeOutOnEdge,Property_8a50d46d-1947-4f48-9b4d-cf19609add40
BoilKettleCamera,64d46f9d-6ef6-44f3-92fb-22995e99e717,CaptureDurationInMinutes,Property_c4e7e5ab-9ced-4cf8-9808-89affbad3127
BoilKettleCamera,64d46f9d-6ef6-44f3-92fb-22995e99e717,LiveStreamingDurationInMinutes,Property_fe1d50bb-88dc-45bd-8e38-3721f61a301b
BoilKettleCamera,64d46f9d-6ef6-44f3-92fb-22995e99e717,null,sitewiseAssetId
BoilKettleCamera,64d46f9d-6ef6-44f3-92fb-22995e99e717,null,sitewiseAssetModelId
BottleLine401,334d8533-abf5-4ab0-bdf3-ebf7b9bce2f3,State,Property_009df7a8-4355-4f0f-95db-ea0596300002
BottleLine401,334d8533-abf5-4ab0-bdf3-ebf7b9bce2f3,ProductionID,Property_210bbc61-26a3-4208-9d7a-17b686fda20c
BottleLine401,334d8533-abf5-4ab0-bdf3-ebf7b9bce2f3,Temperature_PV,Property_34a66656-0111-4767-8784-d992c27ee31f
BottleLine401,334d8533-abf5-4ab0-bdf3-ebf7b9bce2f3,Prod_BottledBeer_ToLot,Property_3b5e8297-83bc-4c1c-948a-3b5a640472ed
BottleLine401,334d8533-abf5-4ab0-bdf3-ebf7b9bce2f3,Cons_Bottle_Item,Property_490da93d-158f-4f32-94d6-eca491235577
BottleLine401,334d8533-abf5-4ab0-bdf3-ebf7b9bce2f3,HoldTime_PT,Property_4a4db1c0-5ea2-48a0-8dcb-344d52fee6b3
BottleLine401,334d8533-abf5-4ab0-bdf3-ebf7b9bce2f3,Name,Property_5a2cc88c-f0b3-45c8-ae23-43c7163d9f1f
BottleLine401,334d8533-abf5-4ab0-bdf3-ebf7b9bce2f3,Scrap,Property_5c8478ed-7b7d-4d17-9ab4-533221da2ad8
BottleLine401,334d8533-abf5-4ab0-bdf3-ebf7b9bce2f3,Status,Property_6628b0c3-9387-459a-bc35-f5d6fe3c1190
BottleLine401,334d8533-abf5-4ab0-bdf3-ebf7b9bce2f3,Utilization,Property_6b95e8cc-0e4a-47f8-adc5-1774e53dc3ce
BottleLine401,334d8533-abf5-4ab0-bdf3-ebf7b9bce2f3,Beer_PV,Property_6e7e3687-3137-4708-9d23-ceef8e897349
BottleLine401,334d8533-abf5-4ab0-bdf3-ebf7b9bce2f3,Cons_Bottle_FromLot,Property_8c62515f-10ee-4d62-820e-799e284dda36
BottleLine401,334d8533-abf5-4ab0-bdf3-ebf7b9bce2f3,Cons_Label_FromLot,Property_8fae5b28-a5b4-421d-8209-f6224b665ddd
BottleLine401,334d8533-abf5-4ab0-bdf3-ebf7b9bce2f3,AllocatedFrom,Property_9178c2c6-11c0-4977-b81a-c99039e96f88
BottleLine401,334d8533-abf5-4ab0-bdf3-ebf7b9bce2f3,Prod_BottledBeer_Item,Property_9184bd55-9c2e-4527-bd4c-33811caa6c6b
BottleLine401,334d8533-abf5-4ab0-bdf3-ebf7b9bce2f3,Bottle_SP,Property_93075db9-ba2c-4fb3-a325-dab4b7e38545
BottleLine401,334d8533-abf5-4ab0-bdf3-ebf7b9bce2f3,Bottle_PV,Property_949ff98a-67da-4737-86dd-651f6083bc10
BottleLine401,334d8533-abf5-4ab0-bdf3-ebf7b9bce2f3,UtilizationState,Property_951ff804-2645-4ee9-adc7-9a3507cf72c3
BottleLine401,334d8533-abf5-4ab0-bdf3-ebf7b9bce2f3,HoldTime_ET,Property_998e27fa-ef79-4727-b9ff-c92cd6ef81f8
BottleLine401,334d8533-abf5-4ab0-bdf3-ebf7b9bce2f3,MaterialID,Property_c441a142-88fa-46e2-8d06-5e51772528f6
BottleLine401,334d8533-abf5-4ab0-bdf3-ebf7b9bce2f3,Cons_Beer_Item,Property_d3e966cb-f110-4dd4-aa63-646f7c84b00e
BottleLine401,334d8533-abf5-4ab0-bdf3-ebf7b9bce2f3,Cons_Cap_FromLot,Property_d81f2a72-1b05-4e19-9eb0-75b00ab3a0e9
BottleLine401,334d8533-abf5-4ab0-bdf3-ebf7b9bce2f3,Temperature_SP,Property_e541dd82-d72f-4526-b691-3a3548a1467e
BottleLine401,334d8533-abf5-4ab0-bdf3-ebf7b9bce2f3,Speed_SP,Property_f765cb7d-c5b8-42ec-9115-5c933b861957
BottleLine401,334d8533-abf5-4ab0-bdf3-ebf7b9bce2f3,Level_PV,Property_f82141ad-95f3-4a60-96b5-3c541ffc76db
BottleLine401,334d8533-abf5-4ab0-bdf3-ebf7b9bce2f3,Cons_Beer_FromLot,Property_f885e5e1-cc95-4e74-b766-70f0e54a3164
BottleLine401,334d8533-abf5-4ab0-bdf3-ebf7b9bce2f3,Cons_Label_Item,Property_f9265e1d-6225-4f71-9edc-a1ea98cd1e33
BottleLine401,334d8533-abf5-4ab0-bdf3-ebf7b9bce2f3,Speed_PV,Property_fb85bf6d-07c4-4db9-8318-a03264a5a662
BottleLine401,334d8533-abf5-4ab0-bdf3-ebf7b9bce2f3,null,sitewiseAssetId
BottleLine401,334d8533-abf5-4ab0-bdf3-ebf7b9bce2f3,null,sitewiseAssetModelId
BottleLine402,78131adc-6618-4519-b87c-a0d1d19c4b66,State,Property_009df7a8-4355-4f0f-95db-ea0596300002
BottleLine402,78131adc-6618-4519-b87c-a0d1d19c4b66,ProductionID,Property_210bbc61-26a3-4208-9d7a-17b686fda20c
BottleLine402,78131adc-6618-4519-b87c-a0d1d19c4b66,Temperature_PV,Property_34a66656-0111-4767-8784-d992c27ee31f
BottleLine402,78131adc-6618-4519-b87c-a0d1d19c4b66,Prod_BottledBeer_ToLot,Property_3b5e8297-83bc-4c1c-948a-3b5a640472ed
BottleLine402,78131adc-6618-4519-b87c-a0d1d19c4b66,Cons_Bottle_Item,Property_490da93d-158f-4f32-94d6-eca491235577
BottleLine402,78131adc-6618-4519-b87c-a0d1d19c4b66,HoldTime_PT,Property_4a4db1c0-5ea2-48a0-8dcb-344d52fee6b3
BottleLine402,78131adc-6618-4519-b87c-a0d1d19c4b66,Name,Property_5a2cc88c-f0b3-45c8-ae23-43c7163d9f1f
BottleLine402,78131adc-6618-4519-b87c-a0d1d19c4b66,Scrap,Property_5c8478ed-7b7d-4d17-9ab4-533221da2ad8
BottleLine402,78131adc-6618-4519-b87c-a0d1d19c4b66,Status,Property_6628b0c3-9387-459a-bc35-f5d6fe3c1190
BottleLine402,78131adc-6618-4519-b87c-a0d1d19c4b66,Utilization,Property_6b95e8cc-0e4a-47f8-adc5-1774e53dc3ce
BottleLine402,78131adc-6618-4519-b87c-a0d1d19c4b66,Beer_PV,Property_6e7e3687-3137-4708-9d23-ceef8e897349
BottleLine402,78131adc-6618-4519-b87c-a0d1d19c4b66,Cons_Bottle_FromLot,Property_8c62515f-10ee-4d62-820e-799e284dda36
BottleLine402,78131adc-6618-4519-b87c-a0d1d19c4b66,Cons_Label_FromLot,Property_8fae5b28-a5b4-421d-8209-f6224b665ddd
BottleLine402,78131adc-6618-4519-b87c-a0d1d19c4b66,AllocatedFrom,Property_9178c2c6-11c0-4977-b81a-c99039e96f88
BottleLine402,78131adc-6618-4519-b87c-a0d1d19c4b66,Prod_BottledBeer_Item,Property_9184bd55-9c2e-4527-bd4c-33811caa6c6b
BottleLine402,78131adc-6618-4519-b87c-a0d1d19c4b66,Bottle_SP,Property_93075db9-ba2c-4fb3-a325-dab4b7e38545
BottleLine402,78131adc-6618-4519-b87c-a0d1d19c4b66,Bottle_PV,Property_949ff98a-67da-4737-86dd-651f6083bc10
BottleLine402,78131adc-6618-4519-b87c-a0d1d19c4b66,UtilizationState,Property_951ff804-2645-4ee9-adc7-9a3507cf72c3
BottleLine402,78131adc-6618-4519-b87c-a0d1d19c4b66,HoldTime_ET,Property_998e27fa-ef79-4727-b9ff-c92cd6ef81f8
BottleLine402,78131adc-6618-4519-b87c-a0d1d19c4b66,MaterialID,Property_c441a142-88fa-46e2-8d06-5e51772528f6
BottleLine402,78131adc-6618-4519-b87c-a0d1d19c4b66,Cons_Beer_Item,Property_d3e966cb-f110-4dd4-aa63-646f7c84b00e
BottleLine402,78131adc-6618-4519-b87c-a0d1d19c4b66,Cons_Cap_FromLot,Property_d81f2a72-1b05-4e19-9eb0-75b00ab3a0e9
BottleLine402,78131adc-6618-4519-b87c-a0d1d19c4b66,Temperature_SP,Property_e541dd82-d72f-4526-b691-3a3548a1467e
BottleLine402,78131adc-6618-4519-b87c-a0d1d19c4b66,Speed_SP,Property_f765cb7d-c5b8-42ec-9115-5c933b861957
BottleLine402,78131adc-6618-4519-b87c-a0d1d19c4b66,Level_PV,Property_f82141ad-95f3-4a60-96b5-3c541ffc76db
BottleLine402,78131adc-6618-4519-b87c-a0d1d19c4b66,Cons_Beer_FromLot,Property_f885e5e1-cc95-4e74-b766-70f0e54a3164
BottleLine402,78131adc-6618-4519-b87c-a0d1d19c4b66,Cons_Label_Item,Property_f9265e1d-6225-4f71-9edc-a1ea98cd1e33
BottleLine402,78131adc-6618-4519-b87c-a0d1d19c4b66,Speed_PV,Property_fb85bf6d-07c4-4db9-8318-a03264a5a662
BottleLine402,78131adc-6618-4519-b87c-a0d1d19c4b66,null,sitewiseAssetId
BottleLine402,78131adc-6618-4519-b87c-a0d1d19c4b66,null,sitewiseAssetModelId
BottleLine403,1fbcdca3-4db8-4300-8a7c-015e862a7b14,State,Property_009df7a8-4355-4f0f-95db-ea0596300002
BottleLine403,1fbcdca3-4db8-4300-8a7c-015e862a7b14,ProductionID,Property_210bbc61-26a3-4208-9d7a-17b686fda20c
BottleLine403,1fbcdca3-4db8-4300-8a7c-015e862a7b14,Temperature_PV,Property_34a66656-0111-4767-8784-d992c27ee31f
BottleLine403,1fbcdca3-4db8-4300-8a7c-015e862a7b14,Prod_BottledBeer_ToLot,Property_3b5e8297-83bc-4c1c-948a-3b5a640472ed
BottleLine403,1fbcdca3-4db8-4300-8a7c-015e862a7b14,Cons_Bottle_Item,Property_490da93d-158f-4f32-94d6-eca491235577
BottleLine403,1fbcdca3-4db8-4300-8a7c-015e862a7b14,HoldTime_PT,Property_4a4db1c0-5ea2-48a0-8dcb-344d52fee6b3
BottleLine403,1fbcdca3-4db8-4300-8a7c-015e862a7b14,Name,Property_5a2cc88c-f0b3-45c8-ae23-43c7163d9f1f
BottleLine403,1fbcdca3-4db8-4300-8a7c-015e862a7b14,Scrap,Property_5c8478ed-7b7d-4d17-9ab4-533221da2ad8
BottleLine403,1fbcdca3-4db8-4300-8a7c-015e862a7b14,Status,Property_6628b0c3-9387-459a-bc35-f5d6fe3c1190
BottleLine403,1fbcdca3-4db8-4300-8a7c-015e862a7b14,Utilization,Property_6b95e8cc-0e4a-47f8-adc5-1774e53dc3ce
BottleLine403,1fbcdca3-4db8-4300-8a7c-015e862a7b14,Beer_PV,Property_6e7e3687-3137-4708-9d23-ceef8e897349
BottleLine403,1fbcdca3-4db8-4300-8a7c-015e862a7b14,Cons_Bottle_FromLot,Property_8c62515f-10ee-4d62-820e-799e284dda36
BottleLine403,1fbcdca3-4db8-4300-8a7c-015e862a7b14,Cons_Label_FromLot,Property_8fae5b28-a5b4-421d-8209-f6224b665ddd
BottleLine403,1fbcdca3-4db8-4300-8a7c-015e862a7b14,AllocatedFrom,Property_9178c2c6-11c0-4977-b81a-c99039e96f88
BottleLine403,1fbcdca3-4db8-4300-8a7c-015e862a7b14,Prod_BottledBeer_Item,Property_9184bd55-9c2e-4527-bd4c-33811caa6c6b
BottleLine403,1fbcdca3-4db8-4300-8a7c-015e862a7b14,Bottle_SP,Property_93075db9-ba2c-4fb3-a325-dab4b7e38545
BottleLine403,1fbcdca3-4db8-4300-8a7c-015e862a7b14,Bottle_PV,Property_949ff98a-67da-4737-86dd-651f6083bc10
BottleLine403,1fbcdca3-4db8-4300-8a7c-015e862a7b14,UtilizationState,Property_951ff804-2645-4ee9-adc7-9a3507cf72c3
BottleLine403,1fbcdca3-4db8-4300-8a7c-015e862a7b14,HoldTime_ET,Property_998e27fa-ef79-4727-b9ff-c92cd6ef81f8
BottleLine403,1fbcdca3-4db8-4300-8a7c-015e862a7b14,MaterialID,Property_c441a142-88fa-46e2-8d06-5e51772528f6
BottleLine403,1fbcdca3-4db8-4300-8a7c-015e862a7b14,Cons_Beer_Item,Property_d3e966cb-f110-4dd4-aa63-646f7c84b00e
BottleLine403,1fbcdca3-4db8-4300-8a7c-015e862a7b14,Cons_Cap_FromLot,Property_d81f2a72-1b05-4e19-9eb0-75b00ab3a0e9
BottleLine403,1fbcdca3-4db8-4300-8a7c-015e862a7b14,Temperature_SP,Property_e541dd82-d72f-4526-b691-3a3548a1467e
BottleLine403,1fbcdca3-4db8-4300-8a7c-015e862a7b14,Speed_SP,Property_f765cb7d-c5b8-42ec-9115-5c933b861957
BottleLine403,1fbcdca3-4db8-4300-8a7c-015e862a7b14,Level_PV,Property_f82141ad-95f3-4a60-96b5-3c541ffc76db
BottleLine403,1fbcdca3-4db8-4300-8a7c-015e862a7b14,Cons_Beer_FromLot,Property_f885e5e1-cc95-4e74-b766-70f0e54a3164
BottleLine403,1fbcdca3-4db8-4300-8a7c-015e862a7b14,Cons_Label_Item,Property_f9265e1d-6225-4f71-9edc-a1ea98cd1e33
BottleLine403,1fbcdca3-4db8-4300-8a7c-015e862a7b14,Speed_PV,Property_fb85bf6d-07c4-4db9-8318-a03264a5a662
BottleLine403,1fbcdca3-4db8-4300-8a7c-015e862a7b14,null,sitewiseAssetId
BottleLine403,1fbcdca3-4db8-4300-8a7c-015e862a7b14,null,sitewiseAssetModelId
BrightTank301,2eaf0a9c-1f96-419a-b09c-ee35ca306cc6,BeerShipped,Property_0bce4b7a-2e86-430d-ac8c-9314e0a338db
BrightTank301,2eaf0a9c-1f96-419a-b09c-ee35ca306cc6,Beer_SP,Property_0e583c9e-6875-46d9-8dbb-5502344305c1
BrightTank301,2eaf0a9c-1f96-419a-b09c-ee35ca306cc6,MaterialID,Property_207ac8de-7cc4-460a-b4d2-d942e14a9e5d
BrightTank301,2eaf0a9c-1f96-419a-b09c-ee35ca306cc6,Prod_Beer_Item,Property_22996bbb-be6c-487c-9dec-333537286050
BrightTank301,2eaf0a9c-1f96-419a-b09c-ee35ca306cc6,Name,Property_308d94f6-aadf-4fc8-974f-f7cd586957cf
BrightTank301,2eaf0a9c-1f96-419a-b09c-ee35ca306cc6,Temperature_PV,Property_30bf3066-a47f-4f7b-9ea3-15d45f681296
BrightTank301,2eaf0a9c-1f96-419a-b09c-ee35ca306cc6,AllocatedFrom,Property_3c6c3a9f-4ee4-406b-b582-85fca07526c6
BrightTank301,2eaf0a9c-1f96-419a-b09c-ee35ca306cc6,Cons_GreenBeer_Item,Property_471b80e8-ab36-48d2-9693-4561bff70a40
BrightTank301,2eaf0a9c-1f96-419a-b09c-ee35ca306cc6,ShipTo_Tank,Property_5266d5e9-9609-4e10-83a3-7913d0790dd7
BrightTank301,2eaf0a9c-1f96-419a-b09c-ee35ca306cc6,HoldTime_ET,Property_67d4d517-24b2-440d-a45c-1c2bb653dda5
BrightTank301,2eaf0a9c-1f96-419a-b09c-ee35ca306cc6,Temperature_SP,Property_693a240c-81e6-4270-97c6-447d9baff3d0
BrightTank301,2eaf0a9c-1f96-419a-b09c-ee35ca306cc6,OutletValve_OLS,Property_715ca3f5-949b-4ce4-b3c0-fc6e59d390bd
BrightTank301,2eaf0a9c-1f96-419a-b09c-ee35ca306cc6,Utilization,Property_73dd2795-754d-4b33-8580-172fe1da15e5
BrightTank301,2eaf0a9c-1f96-419a-b09c-ee35ca306cc6,ChillWaterValve_OLS,Property_74eeed98-f936-4baf-96d1-c118b5448b6e
BrightTank301,2eaf0a9c-1f96-419a-b09c-ee35ca306cc6,ProductionID,Property_78e4aba4-b0d5-4370-bdf6-c53e2e45837e
BrightTank301,2eaf0a9c-1f96-419a-b09c-ee35ca306cc6,InletValve_CLS,Property_8e9f4dab-5657-4b85-b250-3ee4f0280005
BrightTank301,2eaf0a9c-1f96-419a-b09c-ee35ca306cc6,Status,Property_8ee42307-e740-4bb5-8398-ceaf403bd979
BrightTank301,2eaf0a9c-1f96-419a-b09c-ee35ca306cc6,OutletPump_PV,Property_9db221f8-322f-4938-84a3-c7d5aec29266
BrightTank301,2eaf0a9c-1f96-419a-b09c-ee35ca306cc6,InletValve_OLS,Property_a4cd73be-dfcf-44e9-9e93-ccbdd8cf1bcb
BrightTank301,2eaf0a9c-1f96-419a-b09c-ee35ca306cc6,Level_PV,Property_abe32de6-6bb3-405d-bad5-6aa30ee78023
BrightTank301,2eaf0a9c-1f96-419a-b09c-ee35ca306cc6,ChillWaterValve_CLS,Property_aca06e86-f00b-44dc-8d2d-9507b0ef15fd
BrightTank301,2eaf0a9c-1f96-419a-b09c-ee35ca306cc6,UtilizationState,Property_b14c6c78-8d67-4be1-8db8-caee0cd0f1f0
BrightTank301,2eaf0a9c-1f96-419a-b09c-ee35ca306cc6,InletValve_PV,Property_b4f0b58b-8159-4cfd-9bcd-27185c9bdb3a
BrightTank301,2eaf0a9c-1f96-419a-b09c-ee35ca306cc6,Cons_GreenBeer_FromLot,Property_bb7508f4-c88b-44aa-b1ed-5efe890f514c
BrightTank301,2eaf0a9c-1f96-419a-b09c-ee35ca306cc6,HoldTime_PT,Property_c03603d8-a273-4f8e-ab87-79aa7bd88c12
BrightTank301,2eaf0a9c-1f96-419a-b09c-ee35ca306cc6,OutletPump_AuxContact,Property_c1c42423-1aa0-4478-bd69-508b6146e0fb
BrightTank301,2eaf0a9c-1f96-419a-b09c-ee35ca306cc6,Beer_PV,Property_c693aff5-d77a-40e1-aaaf-109fd753fc03
BrightTank301,2eaf0a9c-1f96-419a-b09c-ee35ca306cc6,OutletValve_PV,Property_cb86a6d6-95c6-42cc-9738-f1abdf91c4f2
BrightTank301,2eaf0a9c-1f96-419a-b09c-ee35ca306cc6,State,Property_cc0ba776-1ab1-4f83-91b7-d067e181e352
BrightTank301,2eaf0a9c-1f96-419a-b09c-ee35ca306cc6,Prod_Beer_ToLot,Property_d5db447c-0f25-49d9-92b5-1f21ce7cba1f
BrightTank301,2eaf0a9c-1f96-419a-b09c-ee35ca306cc6,OutletValve_CLS,Property_e6140994-56b0-4261-8683-525190cbaaa4
BrightTank301,2eaf0a9c-1f96-419a-b09c-ee35ca306cc6,ChillWaterValve_PV,Property_f2bd0d44-0846-48a1-a1d0-bc732861a5dd
BrightTank301,2eaf0a9c-1f96-419a-b09c-ee35ca306cc6,null,sitewiseAssetId
BrightTank301,2eaf0a9c-1f96-419a-b09c-ee35ca306cc6,null,sitewiseAssetModelId
BrightTank302,b2a3fec3-d1a5-4cb7-b05a-5daf8beea6c1,BeerShipped,Property_0bce4b7a-2e86-430d-ac8c-9314e0a338db
BrightTank302,b2a3fec3-d1a5-4cb7-b05a-5daf8beea6c1,Beer_SP,Property_0e583c9e-6875-46d9-8dbb-5502344305c1
BrightTank302,b2a3fec3-d1a5-4cb7-b05a-5daf8beea6c1,MaterialID,Property_207ac8de-7cc4-460a-b4d2-d942e14a9e5d
BrightTank302,b2a3fec3-d1a5-4cb7-b05a-5daf8beea6c1,Prod_Beer_Item,Property_22996bbb-be6c-487c-9dec-333537286050
BrightTank302,b2a3fec3-d1a5-4cb7-b05a-5daf8beea6c1,Name,Property_308d94f6-aadf-4fc8-974f-f7cd586957cf
BrightTank302,b2a3fec3-d1a5-4cb7-b05a-5daf8beea6c1,Temperature_PV,Property_30bf3066-a47f-4f7b-9ea3-15d45f681296
BrightTank302,b2a3fec3-d1a5-4cb7-b05a-5daf8beea6c1,AllocatedFrom,Property_3c6c3a9f-4ee4-406b-b582-85fca07526c6
BrightTank302,b2a3fec3-d1a5-4cb7-b05a-5daf8beea6c1,Cons_GreenBeer_Item,Property_471b80e8-ab36-48d2-9693-4561bff70a40
BrightTank302,b2a3fec3-d1a5-4cb7-b05a-5daf8beea6c1,ShipTo_Tank,Property_5266d5e9-9609-4e10-83a3-7913d0790dd7
BrightTank302,b2a3fec3-d1a5-4cb7-b05a-5daf8beea6c1,HoldTime_ET,Property_67d4d517-24b2-440d-a45c-1c2bb653dda5
BrightTank302,b2a3fec3-d1a5-4cb7-b05a-5daf8beea6c1,Temperature_SP,Property_693a240c-81e6-4270-97c6-447d9baff3d0
BrightTank302,b2a3fec3-d1a5-4cb7-b05a-5daf8beea6c1,OutletValve_OLS,Property_715ca3f5-949b-4ce4-b3c0-fc6e59d390bd
BrightTank302,b2a3fec3-d1a5-4cb7-b05a-5daf8beea6c1,Utilization,Property_73dd2795-754d-4b33-8580-172fe1da15e5
BrightTank302,b2a3fec3-d1a5-4cb7-b05a-5daf8beea6c1,ChillWaterValve_OLS,Property_74eeed98-f936-4baf-96d1-c118b5448b6e
BrightTank302,b2a3fec3-d1a5-4cb7-b05a-5daf8beea6c1,ProductionID,Property_78e4aba4-b0d5-4370-bdf6-c53e2e45837e
BrightTank302,b2a3fec3-d1a5-4cb7-b05a-5daf8beea6c1,InletValve_CLS,Property_8e9f4dab-5657-4b85-b250-3ee4f0280005
BrightTank302,b2a3fec3-d1a5-4cb7-b05a-5daf8beea6c1,Status,Property_8ee42307-e740-4bb5-8398-ceaf403bd979
BrightTank302,b2a3fec3-d1a5-4cb7-b05a-5daf8beea6c1,OutletPump_PV,Property_9db221f8-322f-4938-84a3-c7d5aec29266
BrightTank302,b2a3fec3-d1a5-4cb7-b05a-5daf8beea6c1,InletValve_OLS,Property_a4cd73be-dfcf-44e9-9e93-ccbdd8cf1bcb
BrightTank302,b2a3fec3-d1a5-4cb7-b05a-5daf8beea6c1,Level_PV,Property_abe32de6-6bb3-405d-bad5-6aa30ee78023
BrightTank302,b2a3fec3-d1a5-4cb7-b05a-5daf8beea6c1,ChillWaterValve_CLS,Property_aca06e86-f00b-44dc-8d2d-9507b0ef15fd
BrightTank302,b2a3fec3-d1a5-4cb7-b05a-5daf8beea6c1,UtilizationState,Property_b14c6c78-8d67-4be1-8db8-caee0cd0f1f0
BrightTank302,b2a3fec3-d1a5-4cb7-b05a-5daf8beea6c1,InletValve_PV,Property_b4f0b58b-8159-4cfd-9bcd-27185c9bdb3a
BrightTank302,b2a3fec3-d1a5-4cb7-b05a-5daf8beea6c1,Cons_GreenBeer_FromLot,Property_bb7508f4-c88b-44aa-b1ed-5efe890f514c
BrightTank302,b2a3fec3-d1a5-4cb7-b05a-5daf8beea6c1,HoldTime_PT,Property_c03603d8-a273-4f8e-ab87-79aa7bd88c12
BrightTank302,b2a3fec3-d1a5-4cb7-b05a-5daf8beea6c1,OutletPump_AuxContact,Property_c1c42423-1aa0-4478-bd69-508b6146e0fb
BrightTank302,b2a3fec3-d1a5-4cb7-b05a-5daf8beea6c1,Beer_PV,Property_c693aff5-d77a-40e1-aaaf-109fd753fc03
BrightTank302,b2a3fec3-d1a5-4cb7-b05a-5daf8beea6c1,OutletValve_PV,Property_cb86a6d6-95c6-42cc-9738-f1abdf91c4f2
BrightTank302,b2a3fec3-d1a5-4cb7-b05a-5daf8beea6c1,State,Property_cc0ba776-1ab1-4f83-91b7-d067e181e352
BrightTank302,b2a3fec3-d1a5-4cb7-b05a-5daf8beea6c1,Prod_Beer_ToLot,Property_d5db447c-0f25-49d9-92b5-1f21ce7cba1f
BrightTank302,b2a3fec3-d1a5-4cb7-b05a-5daf8beea6c1,OutletValve_CLS,Property_e6140994-56b0-4261-8683-525190cbaaa4
BrightTank302,b2a3fec3-d1a5-4cb7-b05a-5daf8beea6c1,ChillWaterValve_PV,Property_f2bd0d44-0846-48a1-a1d0-bc732861a5dd
BrightTank302,b2a3fec3-d1a5-4cb7-b05a-5daf8beea6c1,null,sitewiseAssetId
BrightTank302,b2a3fec3-d1a5-4cb7-b05a-5daf8beea6c1,null,sitewiseAssetModelId
BrightTank303,abee1bca-6102-40c1-8eb4-0b3cb294a9dd,BeerShipped,Property_0bce4b7a-2e86-430d-ac8c-9314e0a338db
BrightTank303,abee1bca-6102-40c1-8eb4-0b3cb294a9dd,Beer_SP,Property_0e583c9e-6875-46d9-8dbb-5502344305c1
BrightTank303,abee1bca-6102-40c1-8eb4-0b3cb294a9dd,MaterialID,Property_207ac8de-7cc4-460a-b4d2-d942e14a9e5d
BrightTank303,abee1bca-6102-40c1-8eb4-0b3cb294a9dd,Prod_Beer_Item,Property_22996bbb-be6c-487c-9dec-333537286050
BrightTank303,abee1bca-6102-40c1-8eb4-0b3cb294a9dd,Name,Property_308d94f6-aadf-4fc8-974f-f7cd586957cf
BrightTank303,abee1bca-6102-40c1-8eb4-0b3cb294a9dd,Temperature_PV,Property_30bf3066-a47f-4f7b-9ea3-15d45f681296
BrightTank303,abee1bca-6102-40c1-8eb4-0b3cb294a9dd,AllocatedFrom,Property_3c6c3a9f-4ee4-406b-b582-85fca07526c6
BrightTank303,abee1bca-6102-40c1-8eb4-0b3cb294a9dd,Cons_GreenBeer_Item,Property_471b80e8-ab36-48d2-9693-4561bff70a40
BrightTank303,abee1bca-6102-40c1-8eb4-0b3cb294a9dd,ShipTo_Tank,Property_5266d5e9-9609-4e10-83a3-7913d0790dd7
BrightTank303,abee1bca-6102-40c1-8eb4-0b3cb294a9dd,HoldTime_ET,Property_67d4d517-24b2-440d-a45c-1c2bb653dda5
BrightTank303,abee1bca-6102-40c1-8eb4-0b3cb294a9dd,Temperature_SP,Property_693a240c-81e6-4270-97c6-447d9baff3d0
BrightTank303,abee1bca-6102-40c1-8eb4-0b3cb294a9dd,OutletValve_OLS,Property_715ca3f5-949b-4ce4-b3c0-fc6e59d390bd
BrightTank303,abee1bca-6102-40c1-8eb4-0b3cb294a9dd,Utilization,Property_73dd2795-754d-4b33-8580-172fe1da15e5
BrightTank303,abee1bca-6102-40c1-8eb4-0b3cb294a9dd,ChillWaterValve_OLS,Property_74eeed98-f936-4baf-96d1-c118b5448b6e
BrightTank303,abee1bca-6102-40c1-8eb4-0b3cb294a9dd,ProductionID,Property_78e4aba4-b0d5-4370-bdf6-c53e2e45837e
BrightTank303,abee1bca-6102-40c1-8eb4-0b3cb294a9dd,InletValve_CLS,Property_8e9f4dab-5657-4b85-b250-3ee4f0280005
BrightTank303,abee1bca-6102-40c1-8eb4-0b3cb294a9dd,Status,Property_8ee42307-e740-4bb5-8398-ceaf403bd979
BrightTank303,abee1bca-6102-40c1-8eb4-0b3cb294a9dd,OutletPump_PV,Property_9db221f8-322f-4938-84a3-c7d5aec29266
BrightTank303,abee1bca-6102-40c1-8eb4-0b3cb294a9dd,InletValve_OLS,Property_a4cd73be-dfcf-44e9-9e93-ccbdd8cf1bcb
BrightTank303,abee1bca-6102-40c1-8eb4-0b3cb294a9dd,Level_PV,Property_abe32de6-6bb3-405d-bad5-6aa30ee78023
BrightTank303,abee1bca-6102-40c1-8eb4-0b3cb294a9dd,ChillWaterValve_CLS,Property_aca06e86-f00b-44dc-8d2d-9507b0ef15fd
BrightTank303,abee1bca-6102-40c1-8eb4-0b3cb294a9dd,UtilizationState,Property_b14c6c78-8d67-4be1-8db8-caee0cd0f1f0
BrightTank303,abee1bca-6102-40c1-8eb4-0b3cb294a9dd,InletValve_PV,Property_b4f0b58b-8159-4cfd-9bcd-27185c9bdb3a
BrightTank303,abee1bca-6102-40c1-8eb4-0b3cb294a9dd,Cons_GreenBeer_FromLot,Property_bb7508f4-c88b-44aa-b1ed-5efe890f514c
BrightTank303,abee1bca-6102-40c1-8eb4-0b3cb294a9dd,HoldTime_PT,Property_c03603d8-a273-4f8e-ab87-79aa7bd88c12
BrightTank303,abee1bca-6102-40c1-8eb4-0b3cb294a9dd,OutletPump_AuxContact,Property_c1c42423-1aa0-4478-bd69-508b6146e0fb
BrightTank303,abee1bca-6102-40c1-8eb4-0b3cb294a9dd,Beer_PV,Property_c693aff5-d77a-40e1-aaaf-109fd753fc03
BrightTank303,abee1bca-6102-40c1-8eb4-0b3cb294a9dd,OutletValve_PV,Property_cb86a6d6-95c6-42cc-9738-f1abdf91c4f2
BrightTank303,abee1bca-6102-40c1-8eb4-0b3cb294a9dd,State,Property_cc0ba776-1ab1-4f83-91b7-d067e181e352
BrightTank303,abee1bca-6102-40c1-8eb4-0b3cb294a9dd,Prod_Beer_ToLot,Property_d5db447c-0f25-49d9-92b5-1f21ce7cba1f
BrightTank303,abee1bca-6102-40c1-8eb4-0b3cb294a9dd,OutletValve_CLS,Property_e6140994-56b0-4261-8683-525190cbaaa4
BrightTank303,abee1bca-6102-40c1-8eb4-0b3cb294a9dd,ChillWaterValve_PV,Property_f2bd0d44-0846-48a1-a1d0-bc732861a5dd
BrightTank303,abee1bca-6102-40c1-8eb4-0b3cb294a9dd,null,sitewiseAssetId
BrightTank303,abee1bca-6102-40c1-8eb4-0b3cb294a9dd,null,sitewiseAssetModelId
BrightTank304,c1f1fbbc-6e1c-4d78-9964-07e121911f62,BeerShipped,Property_0bce4b7a-2e86-430d-ac8c-9314e0a338db
BrightTank304,c1f1fbbc-6e1c-4d78-9964-07e121911f62,Beer_SP,Property_0e583c9e-6875-46d9-8dbb-5502344305c1
BrightTank304,c1f1fbbc-6e1c-4d78-9964-07e121911f62,MaterialID,Property_207ac8de-7cc4-460a-b4d2-d942e14a9e5d
BrightTank304,c1f1fbbc-6e1c-4d78-9964-07e121911f62,Prod_Beer_Item,Property_22996bbb-be6c-487c-9dec-333537286050
BrightTank304,c1f1fbbc-6e1c-4d78-9964-07e121911f62,Name,Property_308d94f6-aadf-4fc8-974f-f7cd586957cf
BrightTank304,c1f1fbbc-6e1c-4d78-9964-07e121911f62,Temperature_PV,Property_30bf3066-a47f-4f7b-9ea3-15d45f681296
BrightTank304,c1f1fbbc-6e1c-4d78-9964-07e121911f62,AllocatedFrom,Property_3c6c3a9f-4ee4-406b-b582-85fca07526c6
BrightTank304,c1f1fbbc-6e1c-4d78-9964-07e121911f62,Cons_GreenBeer_Item,Property_471b80e8-ab36-48d2-9693-4561bff70a40
BrightTank304,c1f1fbbc-6e1c-4d78-9964-07e121911f62,ShipTo_Tank,Property_5266d5e9-9609-4e10-83a3-7913d0790dd7
BrightTank304,c1f1fbbc-6e1c-4d78-9964-07e121911f62,HoldTime_ET,Property_67d4d517-24b2-440d-a45c-1c2bb653dda5
BrightTank304,c1f1fbbc-6e1c-4d78-9964-07e121911f62,Temperature_SP,Property_693a240c-81e6-4270-97c6-447d9baff3d0
BrightTank304,c1f1fbbc-6e1c-4d78-9964-07e121911f62,OutletValve_OLS,Property_715ca3f5-949b-4ce4-b3c0-fc6e59d390bd
BrightTank304,c1f1fbbc-6e1c-4d78-9964-07e121911f62,Utilization,Property_73dd2795-754d-4b33-8580-172fe1da15e5
BrightTank304,c1f1fbbc-6e1c-4d78-9964-07e121911f62,ChillWaterValve_OLS,Property_74eeed98-f936-4baf-96d1-c118b5448b6e
BrightTank304,c1f1fbbc-6e1c-4d78-9964-07e121911f62,ProductionID,Property_78e4aba4-b0d5-4370-bdf6-c53e2e45837e
BrightTank304,c1f1fbbc-6e1c-4d78-9964-07e121911f62,InletValve_CLS,Property_8e9f4dab-5657-4b85-b250-3ee4f0280005
BrightTank304,c1f1fbbc-6e1c-4d78-9964-07e121911f62,Status,Property_8ee42307-e740-4bb5-8398-ceaf403bd979
BrightTank304,c1f1fbbc-6e1c-4d78-9964-07e121911f62,OutletPump_PV,Property_9db221f8-322f-4938-84a3-c7d5aec29266
BrightTank304,c1f1fbbc-6e1c-4d78-9964-07e121911f62,InletValve_OLS,Property_a4cd73be-dfcf-44e9-9e93-ccbdd8cf1bcb
BrightTank304,c1f1fbbc-6e1c-4d78-9964-07e121911f62,Level_PV,Property_abe32de6-6bb3-405d-bad5-6aa30ee78023
BrightTank304,c1f1fbbc-6e1c-4d78-9964-07e121911f62,ChillWaterValve_CLS,Property_aca06e86-f00b-44dc-8d2d-9507b0ef15fd
BrightTank304,c1f1fbbc-6e1c-4d78-9964-07e121911f62,UtilizationState,Property_b14c6c78-8d67-4be1-8db8-caee0cd0f1f0
BrightTank304,c1f1fbbc-6e1c-4d78-9964-07e121911f62,InletValve_PV,Property_b4f0b58b-8159-4cfd-9bcd-27185c9bdb3a
BrightTank304,c1f1fbbc-6e1c-4d78-9964-07e121911f62,Cons_GreenBeer_FromLot,Property_bb7508f4-c88b-44aa-b1ed-5efe890f514c
BrightTank304,c1f1fbbc-6e1c-4d78-9964-07e121911f62,HoldTime_PT,Property_c03603d8-a273-4f8e-ab87-79aa7bd88c12
BrightTank304,c1f1fbbc-6e1c-4d78-9964-07e121911f62,OutletPump_AuxContact,Property_c1c42423-1aa0-4478-bd69-508b6146e0fb
BrightTank304,c1f1fbbc-6e1c-4d78-9964-07e121911f62,Beer_PV,Property_c693aff5-d77a-40e1-aaaf-109fd753fc03
BrightTank304,c1f1fbbc-6e1c-4d78-9964-07e121911f62,OutletValve_PV,Property_cb86a6d6-95c6-42cc-9738-f1abdf91c4f2
BrightTank304,c1f1fbbc-6e1c-4d78-9964-07e121911f62,State,Property_cc0ba776-1ab1-4f83-91b7-d067e181e352
BrightTank304,c1f1fbbc-6e1c-4d78-9964-07e121911f62,Prod_Beer_ToLot,Property_d5db447c-0f25-49d9-92b5-1f21ce7cba1f
BrightTank304,c1f1fbbc-6e1c-4d78-9964-07e121911f62,OutletValve_CLS,Property_e6140994-56b0-4261-8683-525190cbaaa4
BrightTank304,c1f1fbbc-6e1c-4d78-9964-07e121911f62,ChillWaterValve_PV,Property_f2bd0d44-0846-48a1-a1d0-bc732861a5dd
BrightTank304,c1f1fbbc-6e1c-4d78-9964-07e121911f62,null,sitewiseAssetId
BrightTank304,c1f1fbbc-6e1c-4d78-9964-07e121911f62,null,sitewiseAssetModelId
BrightTank305,5a7379c3-3358-4bd9-88bb-5fdd1bbe4247,BeerShipped,Property_0bce4b7a-2e86-430d-ac8c-9314e0a338db
BrightTank305,5a7379c3-3358-4bd9-88bb-5fdd1bbe4247,Beer_SP,Property_0e583c9e-6875-46d9-8dbb-5502344305c1
BrightTank305,5a7379c3-3358-4bd9-88bb-5fdd1bbe4247,MaterialID,Property_207ac8de-7cc4-460a-b4d2-d942e14a9e5d
BrightTank305,5a7379c3-3358-4bd9-88bb-5fdd1bbe4247,Prod_Beer_Item,Property_22996bbb-be6c-487c-9dec-333537286050
BrightTank305,5a7379c3-3358-4bd9-88bb-5fdd1bbe4247,Name,Property_308d94f6-aadf-4fc8-974f-f7cd586957cf
BrightTank305,5a7379c3-3358-4bd9-88bb-5fdd1bbe4247,Temperature_PV,Property_30bf3066-a47f-4f7b-9ea3-15d45f681296
BrightTank305,5a7379c3-3358-4bd9-88bb-5fdd1bbe4247,AllocatedFrom,Property_3c6c3a9f-4ee4-406b-b582-85fca07526c6
BrightTank305,5a7379c3-3358-4bd9-88bb-5fdd1bbe4247,Cons_GreenBeer_Item,Property_471b80e8-ab36-48d2-9693-4561bff70a40
BrightTank305,5a7379c3-3358-4bd9-88bb-5fdd1bbe4247,ShipTo_Tank,Property_5266d5e9-9609-4e10-83a3-7913d0790dd7
BrightTank305,5a7379c3-3358-4bd9-88bb-5fdd1bbe4247,HoldTime_ET,Property_67d4d517-24b2-440d-a45c-1c2bb653dda5
BrightTank305,5a7379c3-3358-4bd9-88bb-5fdd1bbe4247,Temperature_SP,Property_693a240c-81e6-4270-97c6-447d9baff3d0
BrightTank305,5a7379c3-3358-4bd9-88bb-5fdd1bbe4247,OutletValve_OLS,Property_715ca3f5-949b-4ce4-b3c0-fc6e59d390bd
BrightTank305,5a7379c3-3358-4bd9-88bb-5fdd1bbe4247,Utilization,Property_73dd2795-754d-4b33-8580-172fe1da15e5
BrightTank305,5a7379c3-3358-4bd9-88bb-5fdd1bbe4247,ChillWaterValve_OLS,Property_74eeed98-f936-4baf-96d1-c118b5448b6e
BrightTank305,5a7379c3-3358-4bd9-88bb-5fdd1bbe4247,ProductionID,Property_78e4aba4-b0d5-4370-bdf6-c53e2e45837e
BrightTank305,5a7379c3-3358-4bd9-88bb-5fdd1bbe4247,InletValve_CLS,Property_8e9f4dab-5657-4b85-b250-3ee4f0280005
BrightTank305,5a7379c3-3358-4bd9-88bb-5fdd1bbe4247,Status,Property_8ee42307-e740-4bb5-8398-ceaf403bd979
BrightTank305,5a7379c3-3358-4bd9-88bb-5fdd1bbe4247,OutletPump_PV,Property_9db221f8-322f-4938-84a3-c7d5aec29266
BrightTank305,5a7379c3-3358-4bd9-88bb-5fdd1bbe4247,InletValve_OLS,Property_a4cd73be-dfcf-44e9-9e93-ccbdd8cf1bcb
BrightTank305,5a7379c3-3358-4bd9-88bb-5fdd1bbe4247,Level_PV,Property_abe32de6-6bb3-405d-bad5-6aa30ee78023
BrightTank305,5a7379c3-3358-4bd9-88bb-5fdd1bbe4247,ChillWaterValve_CLS,Property_aca06e86-f00b-44dc-8d2d-9507b0ef15fd
BrightTank305,5a7379c3-3358-4bd9-88bb-5fdd1bbe4247,UtilizationState,Property_b14c6c78-8d67-4be1-8db8-caee0cd0f1f0
BrightTank305,5a7379c3-3358-4bd9-88bb-5fdd1bbe4247,InletValve_PV,Property_b4f0b58b-8159-4cfd-9bcd-27185c9bdb3a
BrightTank305,5a7379c3-3358-4bd9-88bb-5fdd1bbe4247,Cons_GreenBeer_FromLot,Property_bb7508f4-c88b-44aa-b1ed-5efe890f514c
BrightTank305,5a7379c3-3358-4bd9-88bb-5fdd1bbe4247,HoldTime_PT,Property_c03603d8-a273-4f8e-ab87-79aa7bd88c12
BrightTank305,5a7379c3-3358-4bd9-88bb-5fdd1bbe4247,OutletPump_AuxContact,Property_c1c42423-1aa0-4478-bd69-508b6146e0fb
BrightTank305,5a7379c3-3358-4bd9-88bb-5fdd1bbe4247,Beer_PV,Property_c693aff5-d77a-40e1-aaaf-109fd753fc03
BrightTank305,5a7379c3-3358-4bd9-88bb-5fdd1bbe4247,OutletValve_PV,Property_cb86a6d6-95c6-42cc-9738-f1abdf91c4f2
BrightTank305,5a7379c3-3358-4bd9-88bb-5fdd1bbe4247,State,Property_cc0ba776-1ab1-4f83-91b7-d067e181e352
BrightTank305,5a7379c3-3358-4bd9-88bb-5fdd1bbe4247,Prod_Beer_ToLot,Property_d5db447c-0f25-49d9-92b5-1f21ce7cba1f
BrightTank305,5a7379c3-3358-4bd9-88bb-5fdd1bbe4247,OutletValve_CLS,Property_e6140994-56b0-4261-8683-525190cbaaa4
BrightTank305,5a7379c3-3358-4bd9-88bb-5fdd1bbe4247,ChillWaterValve_PV,Property_f2bd0d44-0846-48a1-a1d0-bc732861a5dd
BrightTank305,5a7379c3-3358-4bd9-88bb-5fdd1bbe4247,null,sitewiseAssetId
BrightTank305,5a7379c3-3358-4bd9-88bb-5fdd1bbe4247,null,sitewiseAssetModelId
Fermentation,f39f525f-a5da-4ac9-bea6-1e81a4c05179,BrightTank,Hierarchy_13118013-2eb7-440a-b9b6-2e878009aa99
Fermentation,f39f525f-a5da-4ac9-bea6-1e81a4c05179,MashTun,Hierarchy_1b8a3134-2497-4237-aab5-6368c7fe95bd
Fermentation,f39f525f-a5da-4ac9-bea6-1e81a4c05179,Fermenter,Hierarchy_2fd9249b-bd8f-448e-b06d-71620b11f278
Fermentation,f39f525f-a5da-4ac9-bea6-1e81a4c05179,Roaster,Hierarchy_418279e5-923c-46e5-a49e-0a3e1bf6a0e8
Fermentation,f39f525f-a5da-4ac9-bea6-1e81a4c05179,MaltMill,Hierarchy_51ead3df-04da-42b2-9bbe-ebf8fb006b19
Fermentation,f39f525f-a5da-4ac9-bea6-1e81a4c05179,BoilKettle,Hierarchy_89ae0ffa-a96b-4429-bbcf-198e9ca2ac0a
Fermentation,f39f525f-a5da-4ac9-bea6-1e81a4c05179,BottleLine,Hierarchy_d3bc7427-5f63-43cd-a701-aed3e0a025b8
Fermentation,f39f525f-a5da-4ac9-bea6-1e81a4c05179,Name,Property_9f39d6c1-7310-4439-947c-aac499a9c329
Fermentation,f39f525f-a5da-4ac9-bea6-1e81a4c05179,null,sitewiseAssetId
Fermentation,f39f525f-a5da-4ac9-bea6-1e81a4c05179,null,sitewiseAssetModelId
Fermenter100,c601190f-d5c7-4a11-9c11-17e6c3e2b651,YeastPump_PV,Property_136ca431-8ded-4fe0-80c4-26643de2d7f1
Fermenter100,c601190f-d5c7-4a11-9c11-17e6c3e2b651,HoldTime_PT,Property_16d6128a-a596-459d-a2bd-4881e44a3971
Fermenter100,c601190f-d5c7-4a11-9c11-17e6c3e2b651,OutletValve_OLS,Property_17ae6401-b736-4c05-b0e3-6c2863fd2294
Fermenter100,c601190f-d5c7-4a11-9c11-17e6c3e2b651,HoldTime_ET,Property_19173bfc-d547-4a94-b7ab-e145671e56ef
Fermenter100,c601190f-d5c7-4a11-9c11-17e6c3e2b651,YeastPump_AuxContact,Property_1bdc9241-86d2-4a41-8201-072814591bce
Fermenter100,c601190f-d5c7-4a11-9c11-17e6c3e2b651,Status,Property_1d794b14-2c91-4ac8-9afe-37df45f6e76a
Fermenter100,c601190f-d5c7-4a11-9c11-17e6c3e2b651,ChillWaterValve_PV,Property_245f08c5-7093-483a-83ad-a94315fe1f3d
Fermenter100,c601190f-d5c7-4a11-9c11-17e6c3e2b651,GreenBeer_PV,Property_2e79877d-d085-4a08-9bb8-079c79a0bb99
Fermenter100,c601190f-d5c7-4a11-9c11-17e6c3e2b651,OutletValve_CLS,Property_34d1a0b9-b43c-4da9-9d98-f5b785b24ea5
Fermenter100,c601190f-d5c7-4a11-9c11-17e6c3e2b651,Temperature_SP,Property_3587ef11-45bc-434a-ab2b-8ee47cf482d5
Fermenter100,c601190f-d5c7-4a11-9c11-17e6c3e2b651,Prod_GreenBeer_ToLot,Property_382ea1ae-ee8c-46ac-998b-a391d21c6fcf
Fermenter100,c601190f-d5c7-4a11-9c11-17e6c3e2b651,OutletPump_PV,Property_39787e8c-83ce-4dec-88b5-fa8ae7d9eb31
Fermenter100,c601190f-d5c7-4a11-9c11-17e6c3e2b651,InletValve_OLS,Property_42fc44d9-a82d-4250-ab48-e811494125ea
Fermenter100,c601190f-d5c7-4a11-9c11-17e6c3e2b651,OutletValve_PV,Property_52089d85-ee52-46ca-b39b-e0b49f12deb4
Fermenter100,c601190f-d5c7-4a11-9c11-17e6c3e2b651,ProductionID,Property_54f560a6-ffe0-4b49-9280-36804663e76e
Fermenter100,c601190f-d5c7-4a11-9c11-17e6c3e2b651,UtilizationState,Property_63aba533-a1ba-4876-9954-0ccf0f2e41b9
Fermenter100,c601190f-d5c7-4a11-9c11-17e6c3e2b651,Cons_Yeast_Item,Property_68ee647a-8e6b-495c-909b-d32712fdbcab
Fermenter100,c601190f-d5c7-4a11-9c11-17e6c3e2b651,ChillWaterValve_OLS,Property_733e7d92-eb9c-49b7-8167-ee34ba76fe13
Fermenter100,c601190f-d5c7-4a11-9c11-17e6c3e2b651,OutletPump_AuxContact,Property_787d03c2-d595-433d-9425-d83f44c320ea
Fermenter100,c601190f-d5c7-4a11-9c11-17e6c3e2b651,Utilization,Property_8611a3c8-b7d6-44ee-8b45-f3aaa91745b7
Fermenter100,c601190f-d5c7-4a11-9c11-17e6c3e2b651,ChillWaterValve_CLS,Property_8829d402-ce90-400d-8bfe-0e628c9765ad
Fermenter100,c601190f-d5c7-4a11-9c11-17e6c3e2b651,ShipTo_Tank,Property_89374a74-21b0-47f5-8cc1-91ba510a0aa2
Fermenter100,c601190f-d5c7-4a11-9c11-17e6c3e2b651,Scrap,Property_9095a939-ee74-4f26-a6a7-7ffad223487c
Fermenter100,c601190f-d5c7-4a11-9c11-17e6c3e2b651,MaterialID,Property_9419d858-472b-4767-84ff-396601954f07
Fermenter100,c601190f-d5c7-4a11-9c11-17e6c3e2b651,Prod_GreenBeer_Item,Property_94b1fed8-38ae-4e7b-a396-2b663cc39049
Fermenter100,c601190f-d5c7-4a11-9c11-17e6c3e2b651,Level_PV,Property_b87e650d-8b07-4190-9179-2821c46a95ad
Fermenter100,c601190f-d5c7-4a11-9c11-17e6c3e2b651,Cons_Yeast_FromLot,Property_bb2c1f22-7cf4-4e9b-8199-8ba93972e3c1
Fermenter100,c601190f-d5c7-4a11-9c11-17e6c3e2b651,Cons_BrewedWort_FromLot,Property_c5735dfc-da1e-4c47-9ead-5be1eb3398f4
Fermenter100,c601190f-d5c7-4a11-9c11-17e6c3e2b651,InletValve_CLS,Property_c6149add-53f8-4614-b2b7-f9e321be3f9b
Fermenter100,c601190f-d5c7-4a11-9c11-17e6c3e2b651,Temperature_PV,Property_d11277a2-72d1-4c96-a3ee-7b916d262af1
Fermenter100,c601190f-d5c7-4a11-9c11-17e6c3e2b651,Yeast_PV,Property_d6606f96-7eff-4a69-8032-0d246a64528c
Fermenter100,c601190f-d5c7-4a11-9c11-17e6c3e2b651,State,Property_e62ef6c6-e8e3-41a9-ae99-3655db76f5f0
Fermenter100,c601190f-d5c7-4a11-9c11-17e6c3e2b651,Yeast_SP,Property_ea3f593b-af89-45cf-b280-4522ccdd2197
Fermenter100,c601190f-d5c7-4a11-9c11-17e6c3e2b651,Cons_BrewedWort_Item,Property_f1a05e09-b6e1-4db5-9bb2-26d9c9e4c0f4
Fermenter100,c601190f-d5c7-4a11-9c11-17e6c3e2b651,InletValve_PV,Property_f5386cae-f6c8-4e07-8c20-63a470f709b7
Fermenter100,c601190f-d5c7-4a11-9c11-17e6c3e2b651,Name,Property_fa02683d-b621-4a7f-a290-4d6499ce7243
Fermenter100,c601190f-d5c7-4a11-9c11-17e6c3e2b651,null,sitewiseAssetId
Fermenter100,c601190f-d5c7-4a11-9c11-17e6c3e2b651,null,sitewiseAssetModelId
Fermenter200,1f281db3-ccca-4b7c-b10a-a2a4f317e0a9,YeastPump_PV,Property_136ca431-8ded-4fe0-80c4-26643de2d7f1
Fermenter200,1f281db3-ccca-4b7c-b10a-a2a4f317e0a9,HoldTime_PT,Property_16d6128a-a596-459d-a2bd-4881e44a3971
Fermenter200,1f281db3-ccca-4b7c-b10a-a2a4f317e0a9,OutletValve_OLS,Property_17ae6401-b736-4c05-b0e3-6c2863fd2294
Fermenter200,1f281db3-ccca-4b7c-b10a-a2a4f317e0a9,HoldTime_ET,Property_19173bfc-d547-4a94-b7ab-e145671e56ef
Fermenter200,1f281db3-ccca-4b7c-b10a-a2a4f317e0a9,YeastPump_AuxContact,Property_1bdc9241-86d2-4a41-8201-072814591bce
Fermenter200,1f281db3-ccca-4b7c-b10a-a2a4f317e0a9,Status,Property_1d794b14-2c91-4ac8-9afe-37df45f6e76a
Fermenter200,1f281db3-ccca-4b7c-b10a-a2a4f317e0a9,ChillWaterValve_PV,Property_245f08c5-7093-483a-83ad-a94315fe1f3d
Fermenter200,1f281db3-ccca-4b7c-b10a-a2a4f317e0a9,GreenBeer_PV,Property_2e79877d-d085-4a08-9bb8-079c79a0bb99
Fermenter200,1f281db3-ccca-4b7c-b10a-a2a4f317e0a9,OutletValve_CLS,Property_34d1a0b9-b43c-4da9-9d98-f5b785b24ea5
Fermenter200,1f281db3-ccca-4b7c-b10a-a2a4f317e0a9,Temperature_SP,Property_3587ef11-45bc-434a-ab2b-8ee47cf482d5
Fermenter200,1f281db3-ccca-4b7c-b10a-a2a4f317e0a9,Prod_GreenBeer_ToLot,Property_382ea1ae-ee8c-46ac-998b-a391d21c6fcf
Fermenter200,1f281db3-ccca-4b7c-b10a-a2a4f317e0a9,OutletPump_PV,Property_39787e8c-83ce-4dec-88b5-fa8ae7d9eb31
Fermenter200,1f281db3-ccca-4b7c-b10a-a2a4f317e0a9,InletValve_OLS,Property_42fc44d9-a82d-4250-ab48-e811494125ea
Fermenter200,1f281db3-ccca-4b7c-b10a-a2a4f317e0a9,OutletValve_PV,Property_52089d85-ee52-46ca-b39b-e0b49f12deb4
Fermenter200,1f281db3-ccca-4b7c-b10a-a2a4f317e0a9,ProductionID,Property_54f560a6-ffe0-4b49-9280-36804663e76e
Fermenter200,1f281db3-ccca-4b7c-b10a-a2a4f317e0a9,UtilizationState,Property_63aba533-a1ba-4876-9954-0ccf0f2e41b9
Fermenter200,1f281db3-ccca-4b7c-b10a-a2a4f317e0a9,Cons_Yeast_Item,Property_68ee647a-8e6b-495c-909b-d32712fdbcab
Fermenter200,1f281db3-ccca-4b7c-b10a-a2a4f317e0a9,ChillWaterValve_OLS,Property_733e7d92-eb9c-49b7-8167-ee34ba76fe13
Fermenter200,1f281db3-ccca-4b7c-b10a-a2a4f317e0a9,OutletPump_AuxContact,Property_787d03c2-d595-433d-9425-d83f44c320ea
Fermenter200,1f281db3-ccca-4b7c-b10a-a2a4f317e0a9,Utilization,Property_8611a3c8-b7d6-44ee-8b45-f3aaa91745b7
Fermenter200,1f281db3-ccca-4b7c-b10a-a2a4f317e0a9,ChillWaterValve_CLS,Property_8829d402-ce90-400d-8bfe-0e628c9765ad
Fermenter200,1f281db3-ccca-4b7c-b10a-a2a4f317e0a9,ShipTo_Tank,Property_89374a74-21b0-47f5-8cc1-91ba510a0aa2
Fermenter200,1f281db3-ccca-4b7c-b10a-a2a4f317e0a9,Scrap,Property_9095a939-ee74-4f26-a6a7-7ffad223487c
Fermenter200,1f281db3-ccca-4b7c-b10a-a2a4f317e0a9,MaterialID,Property_9419d858-472b-4767-84ff-396601954f07
Fermenter200,1f281db3-ccca-4b7c-b10a-a2a4f317e0a9,Prod_GreenBeer_Item,Property_94b1fed8-38ae-4e7b-a396-2b663cc39049
Fermenter200,1f281db3-ccca-4b7c-b10a-a2a4f317e0a9,Level_PV,Property_b87e650d-8b07-4190-9179-2821c46a95ad
Fermenter200,1f281db3-ccca-4b7c-b10a-a2a4f317e0a9,Cons_Yeast_FromLot,Property_bb2c1f22-7cf4-4e9b-8199-8ba93972e3c1
Fermenter200,1f281db3-ccca-4b7c-b10a-a2a4f317e0a9,Cons_BrewedWort_FromLot,Property_c5735dfc-da1e-4c47-9ead-5be1eb3398f4
Fermenter200,1f281db3-ccca-4b7c-b10a-a2a4f317e0a9,InletValve_CLS,Property_c6149add-53f8-4614-b2b7-f9e321be3f9b
Fermenter200,1f281db3-ccca-4b7c-b10a-a2a4f317e0a9,Temperature_PV,Property_d11277a2-72d1-4c96-a3ee-7b916d262af1
Fermenter200,1f281db3-ccca-4b7c-b10a-a2a4f317e0a9,Yeast_PV,Property_d6606f96-7eff-4a69-8032-0d246a64528c
Fermenter200,1f281db3-ccca-4b7c-b10a-a2a4f317e0a9,State,Property_e62ef6c6-e8e3-41a9-ae99-3655db76f5f0
Fermenter200,1f281db3-ccca-4b7c-b10a-a2a4f317e0a9,Yeast_SP,Property_ea3f593b-af89-45cf-b280-4522ccdd2197
Fermenter200,1f281db3-ccca-4b7c-b10a-a2a4f317e0a9,Cons_BrewedWort_Item,Property_f1a05e09-b6e1-4db5-9bb2-26d9c9e4c0f4
Fermenter200,1f281db3-ccca-4b7c-b10a-a2a4f317e0a9,InletValve_PV,Property_f5386cae-f6c8-4e07-8c20-63a470f709b7
Fermenter200,1f281db3-ccca-4b7c-b10a-a2a4f317e0a9,Name,Property_fa02683d-b621-4a7f-a290-4d6499ce7243
Fermenter200,1f281db3-ccca-4b7c-b10a-a2a4f317e0a9,null,sitewiseAssetId
Fermenter200,1f281db3-ccca-4b7c-b10a-a2a4f317e0a9,null,sitewiseAssetModelId
MaltMill100,edab2a82-cfba-417b-8c27-c0613480f155,MaltAuger_AuxContact,Property_42b93597-d543-429c-837d-a8febf7dc9ef
MaltMill100,edab2a82-cfba-417b-8c27-c0613480f155,MaltAuger_PV,Property_65c55925-19c7-4ca3-99f7-195cbd6ac5e5
MaltMill100,edab2a82-cfba-417b-8c27-c0613480f155,MaltMill_PV,Property_6fd5a7c1-1037-4724-b5fc-c5ae4c2b1793
MaltMill100,edab2a82-cfba-417b-8c27-c0613480f155,Malt_PV,Property_729ad87d-4756-45a5-becd-d2daae1cf426
MaltMill100,edab2a82-cfba-417b-8c27-c0613480f155,State,Property_ca5d790d-8a31-4765-9385-42b4cf7f2627
MaltMill100,edab2a82-cfba-417b-8c27-c0613480f155,Malt_SP,Property_eb7026e7-4d34-4453-a330-4c491f1e1f93
MaltMill100,edab2a82-cfba-417b-8c27-c0613480f155,MaltMill_AuxContact,Property_ec14bf7b-cb5f-4bec-96b3-ec674e963001
MaltMill100,edab2a82-cfba-417b-8c27-c0613480f155,Name,Property_fc645783-e430-4180-b460-0bfc81af91c2
MaltMill100,edab2a82-cfba-417b-8c27-c0613480f155,null,sitewiseAssetId
MaltMill100,edab2a82-cfba-417b-8c27-c0613480f155,null,sitewiseAssetModelId
MaltMill200,830f59dd-7895-4da1-aede-a1ed0add7ce4,MaltAuger_AuxContact,Property_42b93597-d543-429c-837d-a8febf7dc9ef
MaltMill200,830f59dd-7895-4da1-aede-a1ed0add7ce4,MaltAuger_PV,Property_65c55925-19c7-4ca3-99f7-195cbd6ac5e5
MaltMill200,830f59dd-7895-4da1-aede-a1ed0add7ce4,MaltMill_PV,Property_6fd5a7c1-1037-4724-b5fc-c5ae4c2b1793
MaltMill200,830f59dd-7895-4da1-aede-a1ed0add7ce4,Malt_PV,Property_729ad87d-4756-45a5-becd-d2daae1cf426
MaltMill200,830f59dd-7895-4da1-aede-a1ed0add7ce4,State,Property_ca5d790d-8a31-4765-9385-42b4cf7f2627
MaltMill200,830f59dd-7895-4da1-aede-a1ed0add7ce4,Malt_SP,Property_eb7026e7-4d34-4453-a330-4c491f1e1f93
MaltMill200,830f59dd-7895-4da1-aede-a1ed0add7ce4,MaltMill_AuxContact,Property_ec14bf7b-cb5f-4bec-96b3-ec674e963001
MaltMill200,830f59dd-7895-4da1-aede-a1ed0add7ce4,Name,Property_fc645783-e430-4180-b460-0bfc81af91c2
MaltMill200,830f59dd-7895-4da1-aede-a1ed0add7ce4,null,sitewiseAssetId
MaltMill200,830f59dd-7895-4da1-aede-a1ed0add7ce4,null,sitewiseAssetModelId
MashTun100,d32343a2-86f1-4478-9e28-b44a0394e811,OutletPump_PV,Property_0943f80d-3af3-4df5-a9ea-78b708e83120
MashTun100,d32343a2-86f1-4478-9e28-b44a0394e811,UtilizationPer5min,Property_0b9318b2-e17a-46c4-9626-526c237bff42
MashTun100,d32343a2-86f1-4478-9e28-b44a0394e811,SteamValve_CLS,Property_0e147f2e-9c31-4865-a1b5-ac3ee5f8034a
MashTun100,d32343a2-86f1-4478-9e28-b44a0394e811,Water_PV,Property_0f9c3e65-b553-435d-b862-cad1bf61870d
MashTun100,d32343a2-86f1-4478-9e28-b44a0394e811,HoldTime_PT,Property_141b87a6-1b25-42a5-9099-f329182be76c
MashTun100,d32343a2-86f1-4478-9e28-b44a0394e811,ShipComplete,Property_2188fdca-5e0b-428c-974b-024c29e74009
MashTun100,d32343a2-86f1-4478-9e28-b44a0394e811,SteamValve_OLS,Property_250f45ad-8078-4bdb-9727-fa18c32abcee
MashTun100,d32343a2-86f1-4478-9e28-b44a0394e811,WaterValve_OLS,Property_2a4df0f1-7ebe-4a36-8a92-36290c32504f
MashTun100,d32343a2-86f1-4478-9e28-b44a0394e811,Agitator_AuxContact,Property_2c4e2310-34fb-413a-9813-45c7e17e3f63
MashTun100,d32343a2-86f1-4478-9e28-b44a0394e811,State,Property_326cc721-9582-4f97-a324-76cf12c530f1
MashTun100,d32343a2-86f1-4478-9e28-b44a0394e811,Temperature_PV,Property_36be557f-f192-4064-ad2c-b5ff49d0888c
MashTun100,d32343a2-86f1-4478-9e28-b44a0394e811,Utilization,Property_3a0dbcd9-c31d-46bb-b13b-83b79c641256
MashTun100,d32343a2-86f1-4478-9e28-b44a0394e811,SoakTempSP1,Property_3af2a612-95bd-4665-9190-6ca45ab48e04
MashTun100,d32343a2-86f1-4478-9e28-b44a0394e811,SoakTimeSP2,Property_40950eda-bf29-4772-9128-2c06d3479def
MashTun100,d32343a2-86f1-4478-9e28-b44a0394e811,WaterValve_CLS,Property_410f9683-7c25-4ef3-be16-528741a69081
MashTun100,d32343a2-86f1-4478-9e28-b44a0394e811,OEEPer5min,Property_441130bb-c49b-4cff-bc0c-dcc18459fb7d
MashTun100,d32343a2-86f1-4478-9e28-b44a0394e811,MaterialID,Property_4f52354e-b235-4f0e-913f-001c319208a9
MashTun100,d32343a2-86f1-4478-9e28-b44a0394e811,Runtime,Property_4f5c2995-89d8-4931-ade3-d8673db5b06a
MashTun100,d32343a2-86f1-4478-9e28-b44a0394e811,Cons_Malt_Item,Property_503c3296-0aae-410f-8df6-587459bdd0ad
MashTun100,d32343a2-86f1-4478-9e28-b44a0394e811,Water_SP,Property_50da2d61-6255-4a7b-8bab-535e92f8a327
MashTun100,d32343a2-86f1-4478-9e28-b44a0394e811,Downtime,Property_567fce5b-11aa-485b-9607-0f897f105e98
MashTun100,d32343a2-86f1-4478-9e28-b44a0394e811,Cons_Malt_FromLot,Property_5d6a1f9c-376f-4718-8b4b-3a5b7c249e93
MashTun100,d32343a2-86f1-4478-9e28-b44a0394e811,WaterValve_PV,Property_5dcdcff8-9449-41bb-a852-85f80d0f7583
MashTun100,d32343a2-86f1-4478-9e28-b44a0394e811,Agitator_PV,Property_5ec0c2e2-8e4d-45e2-ba4d-d89ee60b384d
MashTun100,d32343a2-86f1-4478-9e28-b44a0394e811,SoakTempSP2,Property_5fa40668-7a42-416b-ab62-f693512fd77e
MashTun100,d32343a2-86f1-4478-9e28-b44a0394e811,QualityPer5min,Property_5fa71762-d62f-4df2-83c2-97862dc66911
MashTun100,d32343a2-86f1-4478-9e28-b44a0394e811,HoldTime_ET,Property_5fd62747-fca3-4a3f-9320-015337f2ae0e
MashTun100,d32343a2-86f1-4478-9e28-b44a0394e811,Demand,Property_6745346f-be90-4d24-8418-72d84dd6242a
MashTun100,d32343a2-86f1-4478-9e28-b44a0394e811,Scrap,Property_76b71f02-9948-4b09-9850-c8b83c3f5de0
MashTun100,d32343a2-86f1-4478-9e28-b44a0394e811,Prod_Wort_Item,Property_7c7cf4fc-82ab-47b2-b5bd-3d3dc2eed2a2
MashTun100,d32343a2-86f1-4478-9e28-b44a0394e811,OutletPump_AuxContact,Property_7e330244-ac16-4007-830c-042157540b6d
MashTun100,d32343a2-86f1-4478-9e28-b44a0394e811,Scrap_ToLot,Property_8aecde6e-8900-40d9-a416-6c11af71dee4
MashTun100,d32343a2-86f1-4478-9e28-b44a0394e811,Level_PV,Property_8be1ed71-c35f-4d80-af0a-e16551adfb8f
MashTun100,d32343a2-86f1-4478-9e28-b44a0394e811,OutletValve_OLS,Property_907ad1a2-07f3-492c-a6ca-f37ab9021838
MashTun100,d32343a2-86f1-4478-9e28-b44a0394e811,SteamValve_PV,Property_9b77907e-20ef-495a-91ce-460c80f97d9b
MashTun100,d32343a2-86f1-4478-9e28-b44a0394e811,UtilizationState,Property_9bda690c-9443-4b6b-b3e1-1f989f36e8ea
MashTun100,d32343a2-86f1-4478-9e28-b44a0394e811,OutletValve_CLS,Property_b64ea79f-b6b9-4323-a3d9-c62fffee51f0
MashTun100,d32343a2-86f1-4478-9e28-b44a0394e811,ProductionID,Property_c72fd563-2525-48dd-9edd-01ecc3b99339
MashTun100,d32343a2-86f1-4478-9e28-b44a0394e811,Name,Property_c7affc81-36e3-490d-b03a-126af51d7af9
MashTun100,d32343a2-86f1-4478-9e28-b44a0394e811,OutletValve_PV,Property_ccd50c26-6e14-4ea5-9459-82a1d9e4df6f
MashTun100,d32343a2-86f1-4478-9e28-b44a0394e811,Prod_Wort_ToLot,Property_d634aad0-6d96-4136-b4aa-ac87a6043cfd
MashTun100,d32343a2-86f1-4478-9e28-b44a0394e811,Temperature_SP,Property_d783d893-764a-4498-9671-c0746d31a246
MashTun100,d32343a2-86f1-4478-9e28-b44a0394e811,Status,Property_d9aea19f-4aa5-4e1e-b690-2d377782f75f
MashTun100,d32343a2-86f1-4478-9e28-b44a0394e811,Wort_Item,Property_e300aa99-6b8d-4078-aae2-99414d54239b
MashTun100,d32343a2-86f1-4478-9e28-b44a0394e811,Wort_PV,Property_eabc2687-875b-4f4a-8ec2-4f06d74c1095
MashTun100,d32343a2-86f1-4478-9e28-b44a0394e811,SoakTimeSP1,Property_ee9380e4-0fd5-4e20-8b72-3070e280ff77
MashTun100,d32343a2-86f1-4478-9e28-b44a0394e811,Maintenance,Property_f37cf794-fd9e-48b1-adae-2c3d28eb1185
MashTun100,d32343a2-86f1-4478-9e28-b44a0394e811,PerformancePer5min,Property_ff4cf1ab-5fb0-4891-96bc-0c35774ab869
MashTun100,d32343a2-86f1-4478-9e28-b44a0394e811,null,sitewiseAssetId
MashTun100,d32343a2-86f1-4478-9e28-b44a0394e811,null,sitewiseAssetModelId
MashTun200,b02ad13a-dd6e-4b8c-9638-54e2581e7fe3,OutletPump_PV,Property_0943f80d-3af3-4df5-a9ea-78b708e83120
MashTun200,b02ad13a-dd6e-4b8c-9638-54e2581e7fe3,UtilizationPer5min,Property_0b9318b2-e17a-46c4-9626-526c237bff42
MashTun200,b02ad13a-dd6e-4b8c-9638-54e2581e7fe3,SteamValve_CLS,Property_0e147f2e-9c31-4865-a1b5-ac3ee5f8034a
MashTun200,b02ad13a-dd6e-4b8c-9638-54e2581e7fe3,Water_PV,Property_0f9c3e65-b553-435d-b862-cad1bf61870d
MashTun200,b02ad13a-dd6e-4b8c-9638-54e2581e7fe3,HoldTime_PT,Property_141b87a6-1b25-42a5-9099-f329182be76c
MashTun200,b02ad13a-dd6e-4b8c-9638-54e2581e7fe3,ShipComplete,Property_2188fdca-5e0b-428c-974b-024c29e74009
MashTun200,b02ad13a-dd6e-4b8c-9638-54e2581e7fe3,SteamValve_OLS,Property_250f45ad-8078-4bdb-9727-fa18c32abcee
MashTun200,b02ad13a-dd6e-4b8c-9638-54e2581e7fe3,WaterValve_OLS,Property_2a4df0f1-7ebe-4a36-8a92-36290c32504f
MashTun200,b02ad13a-dd6e-4b8c-9638-54e2581e7fe3,Agitator_AuxContact,Property_2c4e2310-34fb-413a-9813-45c7e17e3f63
MashTun200,b02ad13a-dd6e-4b8c-9638-54e2581e7fe3,State,Property_326cc721-9582-4f97-a324-76cf12c530f1
MashTun200,b02ad13a-dd6e-4b8c-9638-54e2581e7fe3,Temperature_PV,Property_36be557f-f192-4064-ad2c-b5ff49d0888c
MashTun200,b02ad13a-dd6e-4b8c-9638-54e2581e7fe3,Utilization,Property_3a0dbcd9-c31d-46bb-b13b-83b79c641256
MashTun200,b02ad13a-dd6e-4b8c-9638-54e2581e7fe3,SoakTempSP1,Property_3af2a612-95bd-4665-9190-6ca45ab48e04
MashTun200,b02ad13a-dd6e-4b8c-9638-54e2581e7fe3,SoakTimeSP2,Property_40950eda-bf29-4772-9128-2c06d3479def
MashTun200,b02ad13a-dd6e-4b8c-9638-54e2581e7fe3,WaterValve_CLS,Property_410f9683-7c25-4ef3-be16-528741a69081
MashTun200,b02ad13a-dd6e-4b8c-9638-54e2581e7fe3,OEEPer5min,Property_441130bb-c49b-4cff-bc0c-dcc18459fb7d
MashTun200,b02ad13a-dd6e-4b8c-9638-54e2581e7fe3,MaterialID,Property_4f52354e-b235-4f0e-913f-001c319208a9
MashTun200,b02ad13a-dd6e-4b8c-9638-54e2581e7fe3,Runtime,Property_4f5c2995-89d8-4931-ade3-d8673db5b06a
MashTun200,b02ad13a-dd6e-4b8c-9638-54e2581e7fe3,Cons_Malt_Item,Property_503c3296-0aae-410f-8df6-587459bdd0ad
MashTun200,b02ad13a-dd6e-4b8c-9638-54e2581e7fe3,Water_SP,Property_50da2d61-6255-4a7b-8bab-535e92f8a327
MashTun200,b02ad13a-dd6e-4b8c-9638-54e2581e7fe3,Downtime,Property_567fce5b-11aa-485b-9607-0f897f105e98
MashTun200,b02ad13a-dd6e-4b8c-9638-54e2581e7fe3,Cons_Malt_FromLot,Property_5d6a1f9c-376f-4718-8b4b-3a5b7c249e93
MashTun200,b02ad13a-dd6e-4b8c-9638-54e2581e7fe3,WaterValve_PV,Property_5dcdcff8-9449-41bb-a852-85f80d0f7583
MashTun200,b02ad13a-dd6e-4b8c-9638-54e2581e7fe3,Agitator_PV,Property_5ec0c2e2-8e4d-45e2-ba4d-d89ee60b384d
MashTun200,b02ad13a-dd6e-4b8c-9638-54e2581e7fe3,SoakTempSP2,Property_5fa40668-7a42-416b-ab62-f693512fd77e
MashTun200,b02ad13a-dd6e-4b8c-9638-54e2581e7fe3,QualityPer5min,Property_5fa71762-d62f-4df2-83c2-97862dc66911
MashTun200,b02ad13a-dd6e-4b8c-9638-54e2581e7fe3,HoldTime_ET,Property_5fd62747-fca3-4a3f-9320-015337f2ae0e
MashTun200,b02ad13a-dd6e-4b8c-9638-54e2581e7fe3,Demand,Property_6745346f-be90-4d24-8418-72d84dd6242a
MashTun200,b02ad13a-dd6e-4b8c-9638-54e2581e7fe3,Scrap,Property_76b71f02-9948-4b09-9850-c8b83c3f5de0
MashTun200,b02ad13a-dd6e-4b8c-9638-54e2581e7fe3,Prod_Wort_Item,Property_7c7cf4fc-82ab-47b2-b5bd-3d3dc2eed2a2
MashTun200,b02ad13a-dd6e-4b8c-9638-54e2581e7fe3,OutletPump_AuxContact,Property_7e330244-ac16-4007-830c-042157540b6d
MashTun200,b02ad13a-dd6e-4b8c-9638-54e2581e7fe3,Scrap_ToLot,Property_8aecde6e-8900-40d9-a416-6c11af71dee4
MashTun200,b02ad13a-dd6e-4b8c-9638-54e2581e7fe3,Level_PV,Property_8be1ed71-c35f-4d80-af0a-e16551adfb8f
MashTun200,b02ad13a-dd6e-4b8c-9638-54e2581e7fe3,OutletValve_OLS,Property_907ad1a2-07f3-492c-a6ca-f37ab9021838
MashTun200,b02ad13a-dd6e-4b8c-9638-54e2581e7fe3,SteamValve_PV,Property_9b77907e-20ef-495a-91ce-460c80f97d9b
MashTun200,b02ad13a-dd6e-4b8c-9638-54e2581e7fe3,UtilizationState,Property_9bda690c-9443-4b6b-b3e1-1f989f36e8ea
MashTun200,b02ad13a-dd6e-4b8c-9638-54e2581e7fe3,OutletValve_CLS,Property_b64ea79f-b6b9-4323-a3d9-c62fffee51f0
MashTun200,b02ad13a-dd6e-4b8c-9638-54e2581e7fe3,ProductionID,Property_c72fd563-2525-48dd-9edd-01ecc3b99339
MashTun200,b02ad13a-dd6e-4b8c-9638-54e2581e7fe3,Name,Property_c7affc81-36e3-490d-b03a-126af51d7af9
MashTun200,b02ad13a-dd6e-4b8c-9638-54e2581e7fe3,OutletValve_PV,Property_ccd50c26-6e14-4ea5-9459-82a1d9e4df6f
MashTun200,b02ad13a-dd6e-4b8c-9638-54e2581e7fe3,Prod_Wort_ToLot,Property_d634aad0-6d96-4136-b4aa-ac87a6043cfd
MashTun200,b02ad13a-dd6e-4b8c-9638-54e2581e7fe3,Temperature_SP,Property_d783d893-764a-4498-9671-c0746d31a246
MashTun200,b02ad13a-dd6e-4b8c-9638-54e2581e7fe3,Status,Property_d9aea19f-4aa5-4e1e-b690-2d377782f75f
MashTun200,b02ad13a-dd6e-4b8c-9638-54e2581e7fe3,Wort_Item,Property_e300aa99-6b8d-4078-aae2-99414d54239b
MashTun200,b02ad13a-dd6e-4b8c-9638-54e2581e7fe3,Wort_PV,Property_eabc2687-875b-4f4a-8ec2-4f06d74c1095
MashTun200,b02ad13a-dd6e-4b8c-9638-54e2581e7fe3,SoakTimeSP1,Property_ee9380e4-0fd5-4e20-8b72-3070e280ff77
MashTun200,b02ad13a-dd6e-4b8c-9638-54e2581e7fe3,Maintenance,Property_f37cf794-fd9e-48b1-adae-2c3d28eb1185
MashTun200,b02ad13a-dd6e-4b8c-9638-54e2581e7fe3,PerformancePer5min,Property_ff4cf1ab-5fb0-4891-96bc-0c35774ab869
MashTun200,b02ad13a-dd6e-4b8c-9638-54e2581e7fe3,null,sitewiseAssetId
MashTun200,b02ad13a-dd6e-4b8c-9638-54e2581e7fe3,null,sitewiseAssetModelId
Roaster100,d13f42b3-8abb-4c71-901d-cea7d5f6a7db,Malt_PV,Property_0197f4f4-015a-4fcc-9bc6-57dd08b89c32
Roaster100,d13f42b3-8abb-4c71-901d-cea7d5f6a7db,Runtime,Property_20189d2c-b5f8-42fe-a703-20785aa0ef08
Roaster100,d13f42b3-8abb-4c71-901d-cea7d5f6a7db,QualityPer5min,Property_432d9e37-4df2-43ef-9feb-ca92ce0b1f18
Roaster100,d13f42b3-8abb-4c71-901d-cea7d5f6a7db,Demand,Property_49061524-db08-4e16-9d9f-414930048d49
Roaster100,d13f42b3-8abb-4c71-901d-cea7d5f6a7db,MaterialID,Property_4936a8dc-b608-4fbe-b1f8-c85e80046761
Roaster100,d13f42b3-8abb-4c71-901d-cea7d5f6a7db,Prod_RoastedBarley_ToLot,Property_5072d389-a959-4fb6-b850-537d67b9038a
Roaster100,d13f42b3-8abb-4c71-901d-cea7d5f6a7db,Utilization,Property_5e014c4a-cab7-4310-990f-15afb3c5a5de
Roaster100,d13f42b3-8abb-4c71-901d-cea7d5f6a7db,OEEPer5min,Property_6c11f1c5-a8b6-4ff0-bdfc-c345ff152e20
Roaster100,d13f42b3-8abb-4c71-901d-cea7d5f6a7db,Cons_RawBarley_FromLot,Property_6ea18747-2f19-49ce-8cf5-0c76fb690841
Roaster100,d13f42b3-8abb-4c71-901d-cea7d5f6a7db,Status,Property_82edb177-62c9-49c0-9beb-b40e5e763888
Roaster100,d13f42b3-8abb-4c71-901d-cea7d5f6a7db,Prod_RoastedBarley_Item,Property_845c4c34-50aa-4655-87e0-afe2047c3d0f
Roaster100,d13f42b3-8abb-4c71-901d-cea7d5f6a7db,Malt_SP,Property_888e5420-c1d2-4e48-8c38-89309843d7fa
Roaster100,d13f42b3-8abb-4c71-901d-cea7d5f6a7db,UtilizationState,Property_8d1f8da7-2920-41de-aba4-802caf47f13d
Roaster100,d13f42b3-8abb-4c71-901d-cea7d5f6a7db,State,Property_90020799-018d-466e-95c9-783773931d7a
Roaster100,d13f42b3-8abb-4c71-901d-cea7d5f6a7db,UtilizationPer5min,Property_9ec139c6-1547-4ef9-9d74-c5882038d97f
Roaster100,d13f42b3-8abb-4c71-901d-cea7d5f6a7db,PerformancePer5min,Property_a02aaeb4-f45f-4f3e-9df8-37fc9b7dab2e
Roaster100,d13f42b3-8abb-4c71-901d-cea7d5f6a7db,Scrap,Property_a52c4278-1806-4ede-9de9-3898a95c49d9
Roaster100,d13f42b3-8abb-4c71-901d-cea7d5f6a7db,MaltAuger_PV,Property_a561fbe3-7633-43cb-8774-27a0bc5b891c
Roaster100,d13f42b3-8abb-4c71-901d-cea7d5f6a7db,ProductionID,Property_d78aa65d-281d-4d69-9958-63a9b24cdbdd
Roaster100,d13f42b3-8abb-4c71-901d-cea7d5f6a7db,Maintenance,Property_d8cfa8fc-2f38-4349-8ba3-1b6c6afb4f08
Roaster100,d13f42b3-8abb-4c71-901d-cea7d5f6a7db,MaltAuger_AuxContact,Property_e042f3bb-18b7-4323-841c-c2237334fd60
Roaster100,d13f42b3-8abb-4c71-901d-cea7d5f6a7db,HoldTime_PT,Property_e6bcac81-9363-4ccd-b655-5d77a0b3cd65
Roaster100,d13f42b3-8abb-4c71-901d-cea7d5f6a7db,Downtime,Property_e8748b79-2164-49a8-ac92-52b574623264
Roaster100,d13f42b3-8abb-4c71-901d-cea7d5f6a7db,Temperature_SP,Property_e953f198-6d88-464b-acc1-23dd33bf291b
Roaster100,d13f42b3-8abb-4c71-901d-cea7d5f6a7db,Temperature_PV,Property_ee3f6bde-c743-4825-adc6-6c4c65a914a2
Roaster100,d13f42b3-8abb-4c71-901d-cea7d5f6a7db,Cons_RawBarley_Item,Property_f9010568-a6b6-48e6-bd36-0eb48706b0aa
Roaster100,d13f42b3-8abb-4c71-901d-cea7d5f6a7db,HoldTime_ET,Property_f94a185e-f58e-4fb8-a33f-82554e0db9f5
Roaster100,d13f42b3-8abb-4c71-901d-cea7d5f6a7db,Name,Property_fc24f697-b6e6-4a94-9b3a-2abeed1716b3
Roaster100,d13f42b3-8abb-4c71-901d-cea7d5f6a7db,null,sitewiseAssetId
Roaster100,d13f42b3-8abb-4c71-901d-cea7d5f6a7db,null,sitewiseAssetModelId
Roaster200,a6dd811d-8e08-43d3-a2d5-22690b52272e,Malt_PV,Property_0197f4f4-015a-4fcc-9bc6-57dd08b89c32
Roaster200,a6dd811d-8e08-43d3-a2d5-22690b52272e,Runtime,Property_20189d2c-b5f8-42fe-a703-20785aa0ef08
Roaster200,a6dd811d-8e08-43d3-a2d5-22690b52272e,QualityPer5min,Property_432d9e37-4df2-43ef-9feb-ca92ce0b1f18
Roaster200,a6dd811d-8e08-43d3-a2d5-22690b52272e,Demand,Property_49061524-db08-4e16-9d9f-414930048d49
Roaster200,a6dd811d-8e08-43d3-a2d5-22690b52272e,MaterialID,Property_4936a8dc-b608-4fbe-b1f8-c85e80046761
Roaster200,a6dd811d-8e08-43d3-a2d5-22690b52272e,Prod_RoastedBarley_ToLot,Property_5072d389-a959-4fb6-b850-537d67b9038a
Roaster200,a6dd811d-8e08-43d3-a2d5-22690b52272e,Utilization,Property_5e014c4a-cab7-4310-990f-15afb3c5a5de
Roaster200,a6dd811d-8e08-43d3-a2d5-22690b52272e,OEEPer5min,Property_6c11f1c5-a8b6-4ff0-bdfc-c345ff152e20
Roaster200,a6dd811d-8e08-43d3-a2d5-22690b52272e,Cons_RawBarley_FromLot,Property_6ea18747-2f19-49ce-8cf5-0c76fb690841
Roaster200,a6dd811d-8e08-43d3-a2d5-22690b52272e,Status,Property_82edb177-62c9-49c0-9beb-b40e5e763888
Roaster200,a6dd811d-8e08-43d3-a2d5-22690b52272e,Prod_RoastedBarley_Item,Property_845c4c34-50aa-4655-87e0-afe2047c3d0f
Roaster200,a6dd811d-8e08-43d3-a2d5-22690b52272e,Malt_SP,Property_888e5420-c1d2-4e48-8c38-89309843d7fa
Roaster200,a6dd811d-8e08-43d3-a2d5-22690b52272e,UtilizationState,Property_8d1f8da7-2920-41de-aba4-802caf47f13d
Roaster200,a6dd811d-8e08-43d3-a2d5-22690b52272e,State,Property_90020799-018d-466e-95c9-783773931d7a
Roaster200,a6dd811d-8e08-43d3-a2d5-22690b52272e,UtilizationPer5min,Property_9ec139c6-1547-4ef9-9d74-c5882038d97f
Roaster200,a6dd811d-8e08-43d3-a2d5-22690b52272e,PerformancePer5min,Property_a02aaeb4-f45f-4f3e-9df8-37fc9b7dab2e
Roaster200,a6dd811d-8e08-43d3-a2d5-22690b52272e,Scrap,Property_a52c4278-1806-4ede-9de9-3898a95c49d9
Roaster200,a6dd811d-8e08-43d3-a2d5-22690b52272e,MaltAuger_PV,Property_a561fbe3-7633-43cb-8774-27a0bc5b891c
Roaster200,a6dd811d-8e08-43d3-a2d5-22690b52272e,ProductionID,Property_d78aa65d-281d-4d69-9958-63a9b24cdbdd
Roaster200,a6dd811d-8e08-43d3-a2d5-22690b52272e,Maintenance,Property_d8cfa8fc-2f38-4349-8ba3-1b6c6afb4f08
Roaster200,a6dd811d-8e08-43d3-a2d5-22690b52272e,MaltAuger_AuxContact,Property_e042f3bb-18b7-4323-841c-c2237334fd60
Roaster200,a6dd811d-8e08-43d3-a2d5-22690b52272e,HoldTime_PT,Property_e6bcac81-9363-4ccd-b655-5d77a0b3cd65
Roaster200,a6dd811d-8e08-43d3-a2d5-22690b52272e,Downtime,Property_e8748b79-2164-49a8-ac92-52b574623264
Roaster200,a6dd811d-8e08-43d3-a2d5-22690b52272e,Temperature_SP,Property_e953f198-6d88-464b-acc1-23dd33bf291b
Roaster200,a6dd811d-8e08-43d3-a2d5-22690b52272e,Temperature_PV,Property_ee3f6bde-c743-4825-adc6-6c4c65a914a2
Roaster200,a6dd811d-8e08-43d3-a2d5-22690b52272e,Cons_RawBarley_Item,Property_f9010568-a6b6-48e6-bd36-0eb48706b0aa
Roaster200,a6dd811d-8e08-43d3-a2d5-22690b52272e,HoldTime_ET,Property_f94a185e-f58e-4fb8-a33f-82554e0db9f5
Roaster200,a6dd811d-8e08-43d3-a2d5-22690b52272e,Name,Property_fc24f697-b6e6-4a94-9b3a-2abeed1716b3
Roaster200,a6dd811d-8e08-43d3-a2d5-22690b52272e,null,sitewiseAssetId
Roaster200,a6dd811d-8e08-43d3-a2d5-22690b52272e,null,sitewiseAssetModelId